layer3,Control1,Control2,Control3,Control4,Control5,Control6,Control7,Control8,Control9,Control10,Control11,Control12,Propineb1,Propineb2,Propineb3,Propineb4,Propineb5,Propineb6,Propineb7,Propineb8,Propineb9,Propineb10,Propineb11,Propineb12,L1,L2,L3
ko00010,0.007975709,0.008057433,0.008164022,0.007999018,0.008053612,0.008142816,0.008089971,0.008115997,0.008167696,0.008155142,0.008218291,0.00817394,0.008135825,0.00790528,0.007992645,0.008010698,0.007973213,0.008045925,0.008106115,0.00809815,0.008035108,0.008007711,0.008061197,0.007970732,Glycolysis / Gluconeogenesis,Carbohydrate metabolism,Metabolism
ko00020,0.004988583,0.004866429,0.005085033,0.004989536,0.004749704,0.004949011,0.004836706,0.005104945,0.004961394,0.005028109,0.005119137,0.004981258,0.005217911,0.005142424,0.005180875,0.005175661,0.005204637,0.005150131,0.005189804,0.0051964,0.00511685,0.005221898,0.005245631,0.005114073,Citrate cycle (TCA cycle),Carbohydrate metabolism,Metabolism
ko00030,0.004452683,0.004462024,0.004648747,0.004632132,0.004476319,0.004550497,0.004494739,0.004514342,0.004563877,0.004500732,0.004539899,0.004563609,0.004580307,0.004413594,0.004402797,0.00445868,0.00443582,0.004445638,0.004444829,0.004485986,0.004471349,0.00439597,0.004651801,0.004715831,Pentose phosphate pathway,Carbohydrate metabolism,Metabolism
ko00040,0.002851335,0.002773931,0.003067907,0.003009971,0.002554345,0.002916251,0.002816675,0.003237978,0.002940725,0.002855282,0.003000639,0.002875563,0.002845102,0.002704069,0.002565003,0.002729311,0.002714888,0.002776802,0.002726105,0.0026705,0.002824217,0.002704858,0.002802301,0.003122853,Pentose and glucuronate interconversions,Carbohydrate metabolism,Metabolism
ko00051,0.003757903,0.003906389,0.00379186,0.003941013,0.003893327,0.003832519,0.003915241,0.003898533,0.003854501,0.003858384,0.003813248,0.003894197,0.003739833,0.003507847,0.003520456,0.003619837,0.003597314,0.003655126,0.003595597,0.003691283,0.003597749,0.003527217,0.003723041,0.003839638,Fructose and mannose metabolism,Carbohydrate metabolism,Metabolism
ko00052,0.002397587,0.002554015,0.002477561,0.00272303,0.002562651,0.002467483,0.002498307,0.002994025,0.00248059,0.002525561,0.002500841,0.002563562,0.002454476,0.002298932,0.002159417,0.002276509,0.002275019,0.002276692,0.002220397,0.002202944,0.002329912,0.002313882,0.002466315,0.002651827,Galactose metabolism,Carbohydrate metabolism,Metabolism
ko00053,0.001976469,0.001853029,0.002140525,0.001993037,0.001649214,0.002008158,0.001950173,0.002065026,0.002050805,0.001910109,0.002070984,0.001953332,0.002091433,0.002181348,0.002104678,0.002088502,0.00203385,0.002058489,0.002028148,0.002016918,0.002257332,0.002246881,0.002000994,0.002145812,Ascorbate and aldarate metabolism,Carbohydrate metabolism,Metabolism
ko00061,0.008478621,0.008062404,0.008699422,0.00837043,0.007501565,0.008371022,0.008243657,0.008517441,0.008520684,0.008297346,0.008784053,0.008245251,0.008374719,0.008305738,0.008339156,0.008357654,0.008243243,0.008526404,0.008474735,0.00823617,0.008482629,0.008232139,0.008285177,0.008857588,Fatty acid biosynthesis,Lipid metabolism,Metabolism
ko00062,1.20E-05,3.89E-05,1.20E-05,1.80E-05,5.07E-05,2.50E-05,2.34E-05,9.52E-06,2.19E-05,3.56E-05,9.86E-06,2.45E-05,1.09E-05,8.93E-06,1.29E-05,1.05E-05,1.11E-05,1.46E-05,1.11E-05,1.12E-05,9.47E-06,1.32E-05,1.19E-05,1.51E-05,Fatty acid elongation,Lipid metabolism,Metabolism
ko00071,0.009296674,0.008501577,0.0094431,0.008742029,0.007911159,0.009154082,0.008990271,0.009072153,0.009197164,0.008994935,0.009753553,0.00878189,0.00889439,0.009145851,0.00939821,0.009216268,0.009001985,0.009183839,0.009406373,0.009062624,0.009515368,0.008972468,0.00862586,0.009356368,Fatty acid degradation,Lipid metabolism,Metabolism
ko00072,0.002154202,0.001884459,0.002241369,0.002057286,0.001713742,0.002096915,0.002003021,0.002132364,0.002111044,0.00204348,0.002278554,0.002035653,0.002130521,0.002186797,0.00233276,0.002210928,0.002177678,0.002205872,0.002255698,0.002206577,0.002248763,0.002174054,0.002012029,0.002211086,Synthesis and degradation of ketone bodies,Lipid metabolism,Metabolism
ko00073,0,2.49E-07,0,0,0,0,0,0,1.85E-07,0,0,0,0,0,0,0,0,0,0,0,0,0,0,0,"Cutin, suberine and wax biosynthesis",Lipid metabolism,Metabolism
ko00100,9.37E-06,1.33E-05,1.23E-05,1.65E-05,8.51E-06,1.32E-05,1.20E-05,1.35E-05,1.06E-05,1.69E-05,1.63E-05,1.03E-05,9.15E-06,8.18E-06,3.17E-06,6.79E-06,8.50E-06,6.53E-06,1.19E-05,6.39E-06,9.51E-06,8.02E-06,7.34E-06,1.07E-05,Steroid biosynthesis,Lipid metabolism,Metabolism
ko00120,0.000587111,0.00048197,0.000585162,0.000544713,0.00048719,0.000555824,0.000535146,0.000549907,0.000550557,0.000519481,0.000603023,0.000516424,0.000509745,0.000538781,0.000516867,0.00053237,0.000537754,0.000542651,0.00057125,0.000536043,0.00056412,0.000501731,0.000547213,0.000578214,Primary bile acid biosynthesis,Lipid metabolism,Metabolism
ko00121,0.000143719,0.000137063,0.000140814,0.00013113,0.000126119,0.000137462,0.000135804,0.000117307,0.000145905,0.000147115,0.000164522,0.000139689,0.000136901,0.000120146,0.000118312,0.000122134,0.000122274,0.000140153,0.000144888,0.000127689,0.000137525,0.000119413,0.000119075,0.000128736,Secondary bile acid biosynthesis,Lipid metabolism,Metabolism
ko00130,0.002494172,0.002751357,0.002344995,0.002448676,0.003035307,0.002507714,0.002629788,0.002429795,0.002449867,0.002640821,0.002331772,0.002532153,0.002469545,0.002547115,0.002457028,0.002466121,0.002507459,0.002445908,0.002499003,0.002499936,0.002501923,0.002511841,0.002479433,0.002312601,Ubiquinone and other terpenoid-quinone biosynthesis,Metabolism of cofactors and vitamins,Metabolism
ko00140,0.00083715,0.000750867,0.000896963,0.00075574,0.000653331,0.000833168,0.000808901,0.00087497,0.000847606,0.000834758,0.000937744,0.000809783,0.000813365,0.00082131,0.000867304,0.000831625,0.000810205,0.000843548,0.000862628,0.000817357,0.00086593,0.000799388,0.000745515,0.000850677,Steroid hormone biosynthesis,Lipid metabolism,Metabolism
ko00190,0.007813167,0.008699232,0.007986841,0.008114964,0.00885976,0.008189009,0.008191311,0.008194859,0.008130231,0.008533868,0.008024006,0.008369792,0.008506644,0.008418584,0.008446101,0.008349959,0.008322817,0.008301069,0.008092653,0.008177379,0.008226417,0.008535859,0.008571347,0.008476383,Oxidative phosphorylation,Energy metabolism,Metabolism
ko00195,0.001507188,0.003122872,0.001323323,0.001905418,0.004189189,0.002220941,0.002314365,0.001417076,0.002017775,0.002614465,0.001381129,0.002320718,0.001347816,0.001321974,0.001432267,0.001273205,0.001314893,0.001390675,0.001235367,0.001293605,0.001251752,0.001276428,0.001350493,0.001301679,Photosynthesis,Energy metabolism,Metabolism
ko00196,0.000125814,0.000676134,5.36E-05,0.000266353,0.001059829,0.000367746,0.000409694,6.26E-05,0.000301281,0.000494338,6.98E-05,0.000401972,1.89E-05,2.56E-05,5.92E-05,7.13E-06,2.31E-05,4.84E-05,2.10E-06,1.34E-05,3.97E-06,5.96E-06,1.85E-05,4.92E-06,Photosynthesis - antenna proteins,Energy metabolism,Metabolism
ko00220,0.003291709,0.003344822,0.003422566,0.003410439,0.003275737,0.003383153,0.003322659,0.003370424,0.003420095,0.003374833,0.003339728,0.003404257,0.003487971,0.003442785,0.003558453,0.003454165,0.003431302,0.003428259,0.00336179,0.003483352,0.00338662,0.003517015,0.003344165,0.003315402,Arginine biosynthesis,Amino acid metabolism,Metabolism
ko00230,0.011263631,0.012006772,0.011137435,0.011587333,0.012284858,0.011495332,0.011582736,0.011399748,0.011404975,0.011939281,0.011190194,0.011680442,0.011693595,0.011183663,0.011134024,0.011302824,0.011301445,0.01131874,0.011180989,0.011287053,0.011129118,0.011264068,0.011692155,0.011607926,Purine metabolism,Nucleotide metabolism,Metabolism
ko00232,3.21E-05,3.35E-05,3.96E-05,3.52E-05,2.36E-05,2.95E-05,2.86E-05,3.66E-05,3.56E-05,2.87E-05,3.61E-05,3.58E-05,3.12E-05,2.52E-05,2.44E-05,2.82E-05,2.09E-05,2.92E-05,2.42E-05,2.33E-05,2.78E-05,2.50E-05,3.23E-05,3.45E-05,Caffeine metabolism,Biosynthesis of other secondary metabolites,Metabolism
ko00240,0.006347368,0.006689671,0.006337589,0.006597803,0.006744314,0.0064239,0.006511624,0.006916167,0.00633971,0.006616821,0.006443028,0.006541086,0.006838225,0.006472781,0.006344617,0.006552478,0.006486227,0.00646603,0.006417071,0.006553496,0.006359648,0.006426521,0.006698869,0.006541204,Pyrimidine metabolism,Nucleotide metabolism,Metabolism
ko00250,0.005212902,0.005445732,0.005334621,0.005400276,0.005377052,0.005375107,0.005392353,0.005434923,0.005398445,0.005395194,0.005429573,0.005455703,0.005582213,0.005438484,0.005486702,0.005447612,0.005334115,0.005393161,0.005286891,0.005413569,0.005342114,0.005418842,0.005463504,0.005404841,"Alanine, aspartate and glutamate metabolism",Amino acid metabolism,Metabolism
ko00253,0.000153746,0.000150774,0.000166295,0.000140487,0.000120601,0.000155592,0.000166382,0.000176267,0.000155221,0.000164019,0.000154647,0.000154289,0.000162827,0.000162604,0.000145656,0.000159628,0.000140478,0.000146627,0.000148567,0.000139814,0.000157695,0.00015276,0.000183139,0.00017814,Tetracycline biosynthesis,Metabolism of terpenoids and polyketides,Metabolism
ko00260,0.007128205,0.007287418,0.007293944,0.007278264,0.007030535,0.007246699,0.0072541,0.007118994,0.0072826,0.007270547,0.007376108,0.00728568,0.007544634,0.007542051,0.007516767,0.007428243,0.007354895,0.007437602,0.007284758,0.00730883,0.007557263,0.007699196,0.00734903,0.007376857,"Glycine, serine and threonine metabolism",Amino acid metabolism,Metabolism
ko00261,0.001351599,0.00135956,0.001340162,0.001382159,0.00129775,0.00132504,0.001343225,0.001371393,0.001331487,0.00139369,0.001374497,0.001362659,0.001446193,0.001399084,0.001357149,0.001388826,0.001391495,0.001399301,0.001360899,0.00135975,0.00139626,0.001428549,0.00143045,0.001422074,Monobactam biosynthesis,Biosynthesis of other secondary metabolites,Metabolism
ko00270,0.006685714,0.006519684,0.00637532,0.006677162,0.006565438,0.006358385,0.006514991,0.006654299,0.006352388,0.006402829,0.006479675,0.006498885,0.006990758,0.00676969,0.006586535,0.006733836,0.006811294,0.006627791,0.006775182,0.00674845,0.006663711,0.006692387,0.006825677,0.006527311,Cysteine and methionine metabolism,Amino acid metabolism,Metabolism
ko00280,0.010964565,0.009933766,0.011266668,0.010485649,0.009116334,0.010737913,0.01048182,0.010981643,0.01080428,0.010516713,0.011578428,0.01041289,0.010784451,0.01115003,0.011493021,0.011221715,0.011044238,0.011162953,0.011302789,0.01102812,0.01142268,0.011016142,0.010580059,0.011272745,"Valine, leucine and isoleucine degradation",Amino acid metabolism,Metabolism
ko00281,0.002679518,0.00238365,0.00274241,0.002496398,0.002146861,0.002600343,0.002454404,0.002596913,0.002653718,0.002542323,0.002796912,0.002480867,0.002551438,0.002603219,0.002770342,0.00267123,0.002616812,0.002666588,0.002766908,0.002677315,0.002680984,0.002542627,0.002379574,0.00266468,Geraniol degradation,Metabolism of terpenoids and polyketides,Metabolism
ko00290,0.002634063,0.002626161,0.002571372,0.002691848,0.002735773,0.002603309,0.002674679,0.002587143,0.002571203,0.002590964,0.002591672,0.002595845,0.002659599,0.002669571,0.002589282,0.002607106,0.002658066,0.002603393,0.002611396,0.00257188,0.002667378,0.002625541,0.002765059,0.002701413,"Valine, leucine and isoleucine biosynthesis",Amino acid metabolism,Metabolism
ko00300,0.002950384,0.003028713,0.002982692,0.003080708,0.003075548,0.003011118,0.00298793,0.003126712,0.002978593,0.003079545,0.002976118,0.003054693,0.003094626,0.003127685,0.003177336,0.00312052,0.003084468,0.003080653,0.002977182,0.00311406,0.003050114,0.003167967,0.003026786,0.003016021,Lysine biosynthesis,Amino acid metabolism,Metabolism
ko00310,0.005459092,0.005074705,0.005569823,0.005187967,0.004669152,0.005408493,0.005300093,0.005372979,0.005459262,0.00531431,0.005813587,0.005269015,0.005411461,0.005651992,0.005722028,0.005565811,0.005430403,0.005529308,0.005568016,0.005458661,0.005774104,0.005517745,0.005141743,0.005497151,Lysine degradation,Amino acid metabolism,Metabolism
ko00311,0.00023186,0.000305834,0.000229078,0.000277774,0.00037106,0.000271198,0.000279672,0.000298738,0.000255808,0.000300556,0.00023147,0.000282201,0.000202829,0.000218702,0.000226464,0.000209748,0.000225219,0.000216689,0.000203481,0.000206974,0.00021392,0.000210914,0.000185909,0.000212662,Penicillin and cephalosporin biosynthesis,Biosynthesis of other secondary metabolites,Metabolism
ko00330,0.005796598,0.005901429,0.00593107,0.005729494,0.005756755,0.005911848,0.006039966,0.00574368,0.005961709,0.005864455,0.005976263,0.005980489,0.005865983,0.006193804,0.006087954,0.005977232,0.005932271,0.005940966,0.005847946,0.005844971,0.00616691,0.006157668,0.005772437,0.005784673,Arginine and proline metabolism,Amino acid metabolism,Metabolism
ko00331,1.06E-07,1.84E-07,0,1.12E-07,9.34E-08,0,0,1.98E-07,4.12E-08,1.01E-06,8.15E-08,0,0,0,0,0,0,0,0,9.25E-08,1.18E-07,0,0,0,Clavulanic acid biosynthesis,Biosynthesis of other secondary metabolites,Metabolism
ko00332,0.000298975,0.000337978,0.000295445,0.000323092,0.000351692,0.000311005,0.000311832,0.00029668,0.000310457,0.000317769,0.000304715,0.000318586,0.000309458,0.00029852,0.000298518,0.000308277,0.000310788,0.000313826,0.000301949,0.000304134,0.000296575,0.00029981,0.000314872,0.000302352,Carbapenem biosynthesis,Biosynthesis of other secondary metabolites,Metabolism
ko00333,0.004960104,0.004570141,0.005127374,0.004903631,0.004176712,0.004856483,0.004755982,0.005006203,0.004946975,0.004732421,0.005148209,0.004760203,0.004694934,0.004720438,0.004681878,0.004744999,0.0046828,0.004840432,0.004867697,0.004608327,0.004926965,0.004637487,0.004641747,0.005079865,Prodigiosin biosynthesis,Biosynthesis of other secondary metabolites,Metabolism
ko00340,0.003399749,0.003547662,0.003434875,0.003436773,0.003507655,0.003471056,0.003457476,0.003452616,0.003468674,0.003499871,0.003563208,0.003534677,0.003545934,0.003622685,0.003618367,0.003552171,0.003546676,0.003562455,0.003457249,0.003483122,0.003581312,0.003669123,0.003440266,0.003481198,Histidine metabolism,Amino acid metabolism,Metabolism
ko00350,0.004790638,0.004666095,0.004837032,0.004569241,0.004568332,0.004747151,0.004804283,0.004648339,0.004739584,0.004647826,0.004807412,0.004680091,0.004683513,0.004984726,0.004673821,0.004767786,0.004771234,0.004621935,0.004753362,0.004656567,0.005059193,0.004874843,0.004799208,0.00467582,Tyrosine metabolism,Amino acid metabolism,Metabolism
ko00360,0.00622701,0.005991194,0.006556395,0.005857511,0.005599842,0.006217148,0.006007735,0.006266604,0.006360736,0.006170451,0.0064966,0.006080603,0.006129437,0.006540997,0.006573215,0.006352412,0.006301705,0.006291529,0.006384405,0.006327525,0.006712871,0.006457752,0.006219376,0.006395875,Phenylalanine metabolism,Amino acid metabolism,Metabolism
ko00361,0.001349407,0.001301367,0.001363038,0.001187337,0.001247536,0.001293796,0.001350748,0.001318609,0.001338981,0.001331312,0.001311458,0.001282863,0.001267504,0.001346195,0.001323742,0.001326781,0.001243657,0.001303126,0.001294646,0.001297046,0.001366308,0.001292065,0.001363439,0.001341617,Chlorocyclohexane and chlorobenzene degradation,Xenobiotics biodegradation and metabolism,Metabolism
ko00362,0.007763628,0.006852858,0.007866116,0.006934108,0.006364295,0.00749773,0.007274585,0.007460411,0.007507692,0.007350249,0.007878167,0.007079706,0.00734138,0.007835684,0.007700607,0.007693207,0.007462291,0.007460292,0.00782953,0.007554385,0.008061776,0.007488814,0.007479767,0.007570431,Benzoate degradation,Xenobiotics biodegradation and metabolism,Metabolism
ko00363,5.46E-05,4.90E-05,7.17E-05,4.81E-05,4.40E-05,6.11E-05,6.64E-05,5.99E-05,6.36E-05,5.93E-05,6.24E-05,6.19E-05,4.58E-05,4.73E-05,6.49E-05,5.67E-05,5.10E-05,5.70E-05,5.62E-05,6.59E-05,5.07E-05,4.80E-05,5.30E-05,6.51E-05,Bisphenol degradation,Xenobiotics biodegradation and metabolism,Metabolism
ko00364,0.000752258,0.000733087,0.000732355,0.000644004,0.00076771,0.000732735,0.00078819,0.000751324,0.000731266,0.00072859,0.000733013,0.000713632,0.000633207,0.000672408,0.000601463,0.000652715,0.00063376,0.000666884,0.000690468,0.000619898,0.000685355,0.000601337,0.000723957,0.0007148,Fluorobenzoate degradation,Xenobiotics biodegradation and metabolism,Metabolism
ko00365,0.000373112,0.000329986,0.000317809,0.000262348,0.000297094,0.000302131,0.000326935,0.000243579,0.000295174,0.000313956,0.000295867,0.000284799,0.000292065,0.000320418,0.000204741,0.000301405,0.000282115,0.000268013,0.00032653,0.000249163,0.000319934,0.000272596,0.000417107,0.000311215,Furfural degradation,Xenobiotics biodegradation and metabolism,Metabolism
ko00380,0.005914748,0.005516168,0.005974874,0.005471798,0.005127595,0.005775796,0.005744297,0.005673413,0.005839219,0.00572516,0.006093339,0.005590675,0.005714953,0.005977086,0.005860091,0.0058965,0.005746583,0.005835668,0.005958506,0.005708785,0.006155399,0.005794456,0.005702624,0.005920926,Tryptophan metabolism,Amino acid metabolism,Metabolism
ko00400,0.003376881,0.00362725,0.003427092,0.003555215,0.003691229,0.003496747,0.003505549,0.003502062,0.003522374,0.003649975,0.003468362,0.003599785,0.003778154,0.003742763,0.003820185,0.003676385,0.003726867,0.003678986,0.003579709,0.003737451,0.00364344,0.003842233,0.003609347,0.003620341,"Phenylalanine, tyrosine and tryptophan biosynthesis",Amino acid metabolism,Metabolism
ko00401,0.000871927,0.000922443,0.000900724,0.000925583,0.000919784,0.000894204,0.000904816,0.00092757,0.000910127,0.000923063,0.000920072,0.000936969,0.000982425,0.00101654,0.00103493,0.000971429,0.000996545,0.000970581,0.00092331,0.000994357,0.000984614,0.001041361,0.000905448,0.000921818,Novobiocin biosynthesis,Biosynthesis of other secondary metabolites,Metabolism
ko00404,0.000136374,0.000163668,0.000108513,0.000142622,0.000174587,0.000145888,0.000168176,0.000142623,0.000134796,0.000168666,0.0001325,0.000135409,0.000118632,0.000119776,0.000106697,0.000127532,0.00012043,0.000169305,0.000124685,0.000135964,0.000125528,0.000108317,0.000109179,0.000177626,Staurosporine biosynthesis,Biosynthesis of other secondary metabolites,Metabolism
ko00405,0.000569856,0.000560745,0.000490561,0.000547484,0.000576147,0.000532358,0.00064902,0.000503569,0.000529189,0.000553833,0.000493016,0.000536498,0.000534414,0.000531202,0.000474401,0.000510263,0.000516786,0.00049633,0.000515448,0.00049628,0.000516421,0.000506742,0.000559752,0.000519569,Phenazine biosynthesis,Biosynthesis of other secondary metabolites,Metabolism
ko00410,0.005390091,0.005020395,0.00552891,0.005083473,0.004551464,0.005350418,0.005302618,0.005290311,0.005431906,0.005241297,0.005700141,0.005177588,0.0053749,0.005639748,0.005672362,0.005572725,0.005388237,0.005507933,0.005531613,0.005391135,0.005777953,0.005535487,0.005140162,0.005502286,beta-Alanine metabolism,Metabolism of other amino acids,Metabolism
ko00430,0.001077248,0.000991955,0.001030478,0.001053796,0.000972957,0.001027117,0.001032625,0.001041217,0.001018113,0.001009408,0.001070864,0.001023965,0.001069783,0.001065041,0.001071129,0.001092407,0.001047862,0.001037614,0.00107566,0.001086196,0.001010787,0.001009326,0.001014127,0.001031,Taurine and hypotaurine metabolism,Metabolism of other amino acids,Metabolism
ko00440,0.000711937,0.00064134,0.000754883,0.000710458,0.000641632,0.000718803,0.00076459,0.000648225,0.000679502,0.000677186,0.000703052,0.000700937,0.000703423,0.000672723,0.000669012,0.000695002,0.000636706,0.000654572,0.00063483,0.000683791,0.0006701,0.000608452,0.000825214,0.000817953,Phosphonate and phosphinate metabolism,Metabolism of other amino acids,Metabolism
ko00450,0.003106551,0.002833739,0.002879632,0.00301358,0.002706423,0.002772791,0.002871179,0.002991167,0.002808052,0.002777635,0.00297972,0.002860326,0.003159877,0.002976964,0.00279809,0.002982127,0.003035932,0.002978375,0.003057674,0.002984452,0.002942235,0.002944279,0.003164029,0.002939539,Selenocompound metabolism,Metabolism of other amino acids,Metabolism
ko00460,0.000823207,0.000820245,0.000869726,0.000849453,0.000831244,0.000875763,0.000873465,0.001025871,0.000849094,0.000861616,0.000832586,0.00083147,0.000830837,0.000800275,0.000776107,0.000816979,0.000815268,0.000807689,0.000819259,0.000846666,0.000814094,0.000812778,0.000833296,0.000886775,Cyanoamino acid metabolism,Metabolism of other amino acids,Metabolism
ko00471,0.000601907,0.000643771,0.00059966,0.000624628,0.000650852,0.000618795,0.000620789,0.000633814,0.000622652,0.000639984,0.000597349,0.000634328,0.000639602,0.000627381,0.000627692,0.000617505,0.000632129,0.000618369,0.000618931,0.000633835,0.000615105,0.000647501,0.00060561,0.000599813,D-Glutamine and D-glutamate metabolism,Metabolism of other amino acids,Metabolism
ko00472,0.000174289,0.000168543,0.000168147,0.000179389,0.000167687,0.000171345,0.000170253,0.000151647,0.00016995,0.000170643,0.000186585,0.000176149,0.000148937,0.000160033,0.000163621,0.000153063,0.000166436,0.000164232,0.000166431,0.000163752,0.000154225,0.00015565,0.00014957,0.000150281,D-Arginine and D-ornithine metabolism,Metabolism of other amino acids,Metabolism
ko00473,0.000437878,0.000438375,0.000430018,0.000457422,0.000431502,0.000433839,0.000456596,0.000480113,0.000448585,0.000440649,0.000464725,0.000456256,0.000486637,0.000506404,0.000494786,0.000467947,0.000486236,0.000477704,0.000448519,0.000468235,0.000488969,0.000510491,0.000480205,0.000465655,D-Alanine metabolism,Metabolism of other amino acids,Metabolism
ko00480,0.003651595,0.003538463,0.003544658,0.003566303,0.003471977,0.003563001,0.003531266,0.003528751,0.003544014,0.003521708,0.003586304,0.003548565,0.003571628,0.003735659,0.003710377,0.00362336,0.0036766,0.003626672,0.003650017,0.003566195,0.003765446,0.003743621,0.003601043,0.003643258,Glutathione metabolism,Metabolism of other amino acids,Metabolism
ko00500,0.003666573,0.004311065,0.00362035,0.004046834,0.004612034,0.004003535,0.00416659,0.004608027,0.00397762,0.004327453,0.003701135,0.004079387,0.003738464,0.003805713,0.003469197,0.003639015,0.003679176,0.003662697,0.003438807,0.003541355,0.003762099,0.003898237,0.003424611,0.003693547,Starch and sucrose metabolism,Carbohydrate metabolism,Metabolism
ko00510,0.000214662,0.000306224,0.000217732,0.000230931,0.000343057,0.000243525,0.000262259,0.000214958,0.000240573,0.000289452,0.000216735,0.000264837,0.000245446,0.000217514,0.000199122,0.000224872,0.000214888,0.000222827,0.000203803,0.000211954,0.000214109,0.000194984,0.000286972,0.000279906,N-Glycan biosynthesis,Glycan biosynthesis and metabolism,Metabolism
ko00511,0.000228664,0.000280962,0.000361004,0.000330567,0.000270554,0.00032261,0.000302389,0.000815055,0.000297985,0.000298321,0.000249837,0.0003027,0.000290017,0.000233321,0.000145874,0.000221722,0.000231241,0.000222439,0.000212964,0.000203694,0.000208119,0.000224721,0.000252431,0.000354229,Other glycan degradation,Glycan biosynthesis and metabolism,Metabolism
ko00513,2.06E-05,2.37E-05,3.67E-05,3.10E-05,1.73E-05,2.77E-05,3.01E-05,8.71E-05,2.72E-05,2.87E-05,2.87E-05,2.92E-05,3.88E-05,2.88E-05,1.97E-05,3.28E-05,2.55E-05,3.03E-05,2.33E-05,2.84E-05,2.51E-05,2.29E-05,3.57E-05,3.94E-05,Various types of N-glycan biosynthesis,Glycan biosynthesis and metabolism,Metabolism
ko00514,8.99E-05,0.000145287,7.72E-05,9.32E-05,0.000183647,0.00010904,0.000113861,7.54E-05,9.93E-05,0.000126819,7.45E-05,0.000114411,5.88E-05,6.24E-05,6.61E-05,6.63E-05,7.29E-05,7.52E-05,7.03E-05,7.05E-05,6.38E-05,6.08E-05,6.97E-05,7.03E-05,Other types of O-glycan biosynthesis,Glycan biosynthesis and metabolism,Metabolism
ko00515,2.98E-05,5.15E-05,2.81E-05,3.55E-05,6.11E-05,3.97E-05,4.26E-05,2.82E-05,3.77E-05,5.48E-05,3.25E-05,4.41E-05,2.43E-05,2.47E-05,3.17E-05,2.64E-05,2.49E-05,2.89E-05,2.49E-05,2.66E-05,2.68E-05,2.75E-05,2.51E-05,3.31E-05,Mannose type O-glycan biosynthesis,Glycan biosynthesis and metabolism,Metabolism
ko00520,0.00653669,0.007225142,0.006231937,0.006995542,0.007679332,0.006715483,0.006980881,0.007473084,0.006665962,0.007029695,0.006443702,0.006929142,0.006717873,0.006195286,0.006001393,0.006140973,0.006272267,0.006285134,0.006175731,0.00624801,0.006054815,0.006264669,0.006524773,0.006595209,Amino sugar and nucleotide sugar metabolism,Carbohydrate metabolism,Metabolism
ko00521,0.001674615,0.001788298,0.001663762,0.00180275,0.001851276,0.001693265,0.00172551,0.001785833,0.001688945,0.001758244,0.001742517,0.00176361,0.001686112,0.001657962,0.001592521,0.001642401,0.001663721,0.001655198,0.001583863,0.001586426,0.00167587,0.0016758,0.001747503,0.001743662,Streptomycin biosynthesis,Biosynthesis of other secondary metabolites,Metabolism
ko00522,3.72E-05,4.41E-05,7.40E-05,2.60E-05,3.65E-05,5.19E-05,4.55E-05,6.98E-05,5.29E-05,4.59E-05,4.17E-05,4.88E-05,3.21E-05,1.73E-05,5.72E-05,3.84E-05,4.11E-05,1.86E-05,4.51E-05,4.10E-05,4.75E-05,1.48E-05,2.32E-05,2.98E-05,"Biosynthesis of 12-, 14- and 16-membered macrolides",Metabolism of terpenoids and polyketides,Metabolism
ko00523,0.000951927,0.001061681,0.000921454,0.001005942,0.001160947,0.00097839,0.001031852,0.001006618,0.000986065,0.001001161,0.000949884,0.001012611,0.000960071,0.000927595,0.000890776,0.0009165,0.000952133,0.000933945,0.00091531,0.000898223,0.000920318,0.000920048,0.001012649,0.000979055,Polyketide sugar unit biosynthesis,Metabolism of terpenoids and polyketides,Metabolism
ko00524,0.000258482,0.000268566,0.000258344,0.000306099,0.000272967,0.000259184,0.000257539,0.000336216,0.000261616,0.000269582,0.00027577,0.000276517,0.000246534,0.000241812,0.000228922,0.000238426,0.000234167,0.000232068,0.00021987,0.000222623,0.000245698,0.000242475,0.000233178,0.000241818,"Neomycin, kanamycin and gentamicin biosynthesis",Biosynthesis of other secondary metabolites,Metabolism
ko00525,0.000406841,0.000427624,0.000391439,0.000405413,0.000444959,0.000406955,0.000411111,0.000387362,0.000401728,0.000409253,0.000400455,0.000412556,0.000417353,0.000392473,0.000381268,0.000394708,0.000406982,0.000393406,0.000396566,0.000395636,0.000398045,0.000391026,0.000436952,0.000439493,Acarbose and validamycin biosynthesis,Biosynthesis of other secondary metabolites,Metabolism
ko00531,0.000226222,0.000229093,0.000248117,0.000246439,0.000222989,0.000230612,0.000235548,0.000332597,0.000223566,0.000238035,0.000238341,0.000231111,0.00024064,0.000216518,0.00019221,0.00021726,0.00021876,0.000223155,0.000213386,0.000212519,0.000212174,0.000221131,0.000238246,0.000253578,Glycosaminoglycan degradation,Glycan biosynthesis and metabolism,Metabolism
ko00532,0,0,0,0,2.40E-07,1.32E-07,3.36E-07,1.07E-06,0,3.04E-07,4.58E-08,2.21E-07,0,8.76E-08,0,0,0,0,1.48E-07,0,5.17E-07,0,7.43E-08,1.01E-07,Glycosaminoglycan biosynthesis - chondroitin sulfate / dermatan sulfate,Glycan biosynthesis and metabolism,Metabolism
ko00534,0,0,0,0,2.40E-07,1.32E-07,3.23E-07,1.07E-06,0,3.04E-07,4.58E-08,2.21E-07,0,8.76E-08,0,0,0,0,1.48E-07,0,5.17E-07,0,7.43E-08,1.01E-07,Glycosaminoglycan biosynthesis - heparan sulfate / heparin,Glycan biosynthesis and metabolism,Metabolism
ko00540,0.001860622,0.001861559,0.001850362,0.001911503,0.001916743,0.001863736,0.001826283,0.00206308,0.001850416,0.001808973,0.001796229,0.001856339,0.002261785,0.002188483,0.002175715,0.002090122,0.002179351,0.002084189,0.002066887,0.002200909,0.002012009,0.002203185,0.001959598,0.001942798,Lipopolysaccharide biosynthesis,Glycan biosynthesis and metabolism,Metabolism
ko00550,0.002982815,0.003479113,0.003040292,0.003244847,0.003627323,0.003221033,0.003203751,0.003391671,0.00316243,0.003363825,0.003090073,0.003296703,0.003133555,0.002963719,0.003007089,0.003011422,0.003000594,0.003071695,0.002932961,0.003023214,0.002891772,0.003007327,0.003142183,0.003107149,Peptidoglycan biosynthesis,Glycan biosynthesis and metabolism,Metabolism
ko00561,0.002163518,0.002270077,0.002281517,0.002280569,0.002279109,0.002303217,0.002276008,0.002293054,0.002296763,0.002264702,0.002269773,0.002312618,0.002248957,0.002287009,0.002332916,0.002270593,0.002234437,0.002228558,0.002200604,0.002274933,0.002257561,0.002322549,0.002086449,0.002174329,Glycerolipid metabolism,Lipid metabolism,Metabolism
ko00562,0.001294202,0.001307968,0.001350623,0.001355443,0.001237764,0.001306256,0.001294002,0.001375786,0.001317769,0.001334513,0.001414893,0.0013535,0.00141937,0.00156212,0.00149807,0.001430222,0.001459572,0.001422948,0.001349689,0.001369514,0.00156541,0.001643855,0.001318921,0.001380153,Inositol phosphate metabolism,Carbohydrate metabolism,Metabolism
ko00563,8.79E-07,1.84E-06,5.92E-07,2.98E-06,1.47E-06,5.75E-07,1.13E-06,2.79E-07,1.53E-06,9.09E-07,3.12E-06,1.78E-06,6.54E-07,2.45E-07,3.13E-07,1.02E-07,6.24E-07,3.12E-07,5.48E-07,2.51E-07,1.03E-07,1.08E-06,2.03E-07,3.95E-07,Glycosylphosphatidylinositol (GPI)-anchor biosynthesis,Glycan biosynthesis and metabolism,Metabolism
ko00564,0.002901466,0.002831489,0.002934603,0.002998339,0.002814777,0.002937347,0.00290674,0.003074718,0.002928317,0.002864864,0.002925351,0.002915682,0.003128797,0.00301074,0.003039199,0.00305064,0.003063761,0.003014241,0.003026705,0.003138289,0.002952125,0.003049014,0.002920597,0.002961437,Glycerophospholipid metabolism,Lipid metabolism,Metabolism
ko00565,0.000205482,0.000162229,0.000216319,0.000192187,0.000145418,0.000214061,0.000210429,0.000221836,0.000205135,0.000183799,0.000209328,0.000191862,0.000216444,0.000258499,0.000248545,0.000236722,0.000248827,0.000229213,0.000234017,0.000239397,0.000255793,0.000269371,0.000200435,0.00021738,Ether lipid metabolism,Lipid metabolism,Metabolism
ko00571,0.000213472,0.000349606,0.000207674,0.00022394,0.000420169,0.000262355,0.000287955,0.00021226,0.000245107,0.000313904,0.00023058,0.000284986,0.000153636,0.000157031,0.000165949,0.000165578,0.000169353,0.000181065,0.000166672,0.000176427,0.000157562,0.00016497,0.000167527,0.000172195,Lipoarabinomannan (LAM) biosynthesis,Glycan biosynthesis and metabolism,Metabolism
ko00590,0.0002109,0.000167803,0.000207652,0.000217692,0.000155852,0.000188831,0.000198008,0.000232673,0.000198524,0.00017342,0.000208454,0.000187183,0.000194926,0.000206913,0.000213828,0.000206184,0.000221147,0.000221476,0.000204182,0.00021954,0.000214093,0.000214892,0.000189555,0.000203529,Arachidonic acid metabolism,Lipid metabolism,Metabolism
ko00591,4.50E-05,3.85E-05,5.63E-05,5.42E-05,3.46E-05,4.74E-05,4.68E-05,9.00E-05,4.65E-05,4.14E-05,5.01E-05,4.69E-05,5.39E-05,4.25E-05,4.75E-05,4.89E-05,4.78E-05,5.05E-05,4.41E-05,5.99E-05,3.84E-05,4.30E-05,4.14E-05,4.43E-05,Linoleic acid metabolism,Lipid metabolism,Metabolism
ko00592,0.000580439,0.000463034,0.000584266,0.000549129,0.000423591,0.000538617,0.000486227,0.000583833,0.000551019,0.000522193,0.000609587,0.000531494,0.000551772,0.000548737,0.000613452,0.000566489,0.000571162,0.000575383,0.000594136,0.000608203,0.000553598,0.000550152,0.000476184,0.000528912,alpha-Linolenic acid metabolism,Lipid metabolism,Metabolism
ko00600,0.000367995,0.00037237,0.000427366,0.00041135,0.000339938,0.000410904,0.000401794,0.000741964,0.000397304,0.000397012,0.000418195,0.000392684,0.000362681,0.000331223,0.00026268,0.000325108,0.000325862,0.000333722,0.000312807,0.000296384,0.000307928,0.000309279,0.000350253,0.000440621,Sphingolipid metabolism,Lipid metabolism,Metabolism
ko00601,0,4.92E-08,0,0,3.00E-08,0,0,0,6.49E-08,1.63E-07,0,0,0,0,0,0,0,0,0,0,0,0,5.31E-08,0,Glycosphingolipid biosynthesis - lacto and neolacto series,Glycan biosynthesis and metabolism,Metabolism
ko00603,8.27E-05,8.09E-05,0.000103787,0.000117373,6.20E-05,8.73E-05,0.000105105,0.000215269,9.10E-05,9.30E-05,9.79E-05,8.99E-05,9.82E-05,8.11E-05,6.05E-05,8.58E-05,7.53E-05,8.34E-05,7.34E-05,7.75E-05,7.73E-05,7.15E-05,8.75E-05,0.000123661,Glycosphingolipid biosynthesis - globo and isoglobo series,Glycan biosynthesis and metabolism,Metabolism
ko00604,1.91E-05,2.20E-05,3.26E-05,2.78E-05,1.58E-05,2.31E-05,2.81E-05,7.29E-05,2.44E-05,2.73E-05,2.60E-05,2.59E-05,3.47E-05,2.59E-05,1.80E-05,2.87E-05,2.27E-05,2.77E-05,2.24E-05,2.63E-05,2.23E-05,2.09E-05,2.98E-05,3.64E-05,Glycosphingolipid biosynthesis - ganglio series,Glycan biosynthesis and metabolism,Metabolism
ko00620,0.010947976,0.010553304,0.011133557,0.010812616,0.010356584,0.010988923,0.0107805,0.010782697,0.010907861,0.010963857,0.011181956,0.010852246,0.011140096,0.011004964,0.011271222,0.011193727,0.011037262,0.011099194,0.011195,0.011175487,0.010992127,0.011014567,0.010928925,0.011138281,Pyruvate metabolism,Carbohydrate metabolism,Metabolism
ko00621,0.000691841,0.000630863,0.000722545,0.00057903,0.000597148,0.000636269,0.00069911,0.000659183,0.000659771,0.000659881,0.000700441,0.000648977,0.000692325,0.000821924,0.00075297,0.000758364,0.000720983,0.000725283,0.000727555,0.000737825,0.000816218,0.000787784,0.000778407,0.000678588,Dioxin degradation,Xenobiotics biodegradation and metabolism,Metabolism
ko00622,0.001194593,0.00117953,0.001282872,0.001027327,0.001111921,0.001181556,0.001242849,0.001227229,0.001213517,0.001217333,0.001284191,0.001187422,0.001215113,0.001383769,0.001300171,0.001301944,0.001216408,0.00125562,0.001254624,0.00127171,0.001415936,0.00133699,0.001246516,0.001192977,Xylene degradation,Xenobiotics biodegradation and metabolism,Metabolism
ko00623,0.000794451,0.000784417,0.000849138,0.000670535,0.000766606,0.0007885,0.000865718,0.000880394,0.000786132,0.000796499,0.000815092,0.000790912,0.000781646,0.000820685,0.000812746,0.000849215,0.000754205,0.000799356,0.000779842,0.000853926,0.000834619,0.000729715,0.000857125,0.000842548,Toluene degradation,Xenobiotics biodegradation and metabolism,Metabolism
ko00624,0.000907565,0.000792348,0.000801595,0.000721424,0.000797171,0.000760249,0.00084896,0.000738677,0.000750809,0.000750398,0.000738615,0.000712957,0.000729501,0.00089203,0.000601547,0.000775688,0.000793389,0.000711175,0.000820939,0.000686653,0.000881408,0.000805043,0.001050179,0.000776662,Polycyclic aromatic hydrocarbon degradation,Xenobiotics biodegradation and metabolism,Metabolism
ko00625,0.00290564,0.002761225,0.002988728,0.002797592,0.002669152,0.00288652,0.002957699,0.002758383,0.002901705,0.00275909,0.002973707,0.002859367,0.002833025,0.002936838,0.002959911,0.002915717,0.002937829,0.002961793,0.002972927,0.002900363,0.003026062,0.003021017,0.002832428,0.002845732,Chloroalkane and chloroalkene degradation,Xenobiotics biodegradation and metabolism,Metabolism
ko00626,0.001509769,0.001433217,0.00150092,0.001438784,0.001444576,0.001483957,0.001539845,0.001412273,0.001446877,0.001417842,0.001444231,0.001426261,0.001356542,0.001452287,0.001287776,0.001382036,0.001409603,0.001347352,0.001433381,0.00130932,0.001495465,0.001411534,0.001518469,0.001404834,Naphthalene degradation,Xenobiotics biodegradation and metabolism,Metabolism
ko00627,0.003984065,0.003597987,0.003879896,0.003470717,0.00342651,0.003741717,0.003656463,0.003577274,0.003822939,0.003684227,0.003809,0.003567422,0.003557392,0.003985618,0.003758721,0.003783802,0.003841723,0.003723135,0.003984802,0.00366913,0.004096854,0.003882293,0.003893264,0.003737174,Aminobenzoate degradation,Xenobiotics biodegradation and metabolism,Metabolism
ko00630,0.010364308,0.009943711,0.010668474,0.010111007,0.009502391,0.010319112,0.010108034,0.010064964,0.010289176,0.010108398,0.010627613,0.010186552,0.01044572,0.010544244,0.010758873,0.010605214,0.010599643,0.010694395,0.010662629,0.010646982,0.010606603,0.010680384,0.010570839,0.010571955,Glyoxylate and dicarboxylate metabolism,Carbohydrate metabolism,Metabolism
ko00633,0.000648529,0.000539335,0.000659241,0.000575119,0.000507713,0.000613105,0.000543518,0.000559034,0.00063999,0.000567211,0.000621643,0.000589826,0.000646678,0.000672518,0.000718787,0.000650059,0.000705292,0.000641273,0.000719911,0.00071587,0.000687267,0.00070551,0.000641129,0.000592516,Nitrotoluene degradation,Xenobiotics biodegradation and metabolism,Metabolism
ko00640,0.010419844,0.009573387,0.010583288,0.009954564,0.008945599,0.010144443,0.010049553,0.009986563,0.01021721,0.010032858,0.010750792,0.009918299,0.010377917,0.010381054,0.010638733,0.010616943,0.01037045,0.010523483,0.010693208,0.010516564,0.010535665,0.010222281,0.010133563,0.010571954,Propanoate metabolism,Carbohydrate metabolism,Metabolism
ko00642,0.000594783,0.000492051,0.00062661,0.000547854,0.000447833,0.000572736,0.000491181,0.000605285,0.000587096,0.000553198,0.000638369,0.000553268,0.000570336,0.000601386,0.000648234,0.00059172,0.00060664,0.000599031,0.000634735,0.000627304,0.000609065,0.000606621,0.000495887,0.000538882,Ethylbenzene degradation,Xenobiotics biodegradation and metabolism,Metabolism
ko00643,0.001617372,0.001515951,0.001692113,0.001435621,0.001377504,0.001579946,0.001593696,0.001462245,0.001630022,0.001558161,0.001648163,0.001551189,0.001576793,0.001655314,0.001570814,0.00163414,0.0015623,0.001608209,0.001626115,0.001582886,0.001696095,0.001598402,0.001640574,0.00163598,Styrene degradation,Xenobiotics biodegradation and metabolism,Metabolism
ko00650,0.010523806,0.009611229,0.01063928,0.009990013,0.008978192,0.010264196,0.010184112,0.010130531,0.010281438,0.009996729,0.010779456,0.009960866,0.010432907,0.010543716,0.010625015,0.010595823,0.010371777,0.010408484,0.010729409,0.01047074,0.010726157,0.010270327,0.010184612,0.010620947,Butanoate metabolism,Carbohydrate metabolism,Metabolism
ko00660,0.002364839,0.002160781,0.002249945,0.002212214,0.00227186,0.002203056,0.0023101,0.002148896,0.002149152,0.002139746,0.002187264,0.002149328,0.002238435,0.002317029,0.002094657,0.002222342,0.002324282,0.002217118,0.002344455,0.002191385,0.002361568,0.002265676,0.00251743,0.002284732,C5-Branched dibasic acid metabolism,Carbohydrate metabolism,Metabolism
ko00670,0.00187763,0.002004286,0.001883102,0.001938614,0.001959747,0.001900997,0.001934147,0.001964874,0.001907648,0.001953673,0.001947547,0.001969674,0.002044665,0.001969089,0.002005944,0.001992515,0.001980086,0.002013654,0.001952341,0.002009289,0.001939529,0.002000107,0.002022746,0.001987906,One carbon pool by folate,Metabolism of cofactors and vitamins,Metabolism
ko00680,0.006075287,0.006136124,0.006345354,0.006085595,0.006093921,0.006163153,0.006047086,0.005835025,0.006143303,0.006041854,0.006234559,0.006210213,0.006259842,0.005865692,0.006260258,0.006265944,0.006263926,0.006415241,0.006356567,0.006536633,0.005924192,0.006073245,0.006496762,0.005946838,Methane metabolism,Energy metabolism,Metabolism
ko00710,0.00213279,0.002309912,0.002230729,0.002222546,0.002396279,0.002250256,0.002187991,0.002239271,0.002222577,0.002260912,0.002213927,0.002295431,0.002267737,0.002098641,0.002301374,0.002224585,0.002213294,0.002268974,0.002205788,0.002356552,0.002112709,0.002161451,0.002243067,0.00222795,Carbon fixation in photosynthetic organisms,Energy metabolism,Metabolism
ko00720,0.006593094,0.006295795,0.006725434,0.006466034,0.006126561,0.006537353,0.006391328,0.006615262,0.006468973,0.006496254,0.006743714,0.006443374,0.00683947,0.006687713,0.006880106,0.006849035,0.006794281,0.006777468,0.006885133,0.006916931,0.006620875,0.006669276,0.006827569,0.006800814,Carbon fixation pathways in prokaryotes,Energy metabolism,Metabolism
ko00730,0.001602327,0.001792399,0.001607366,0.001703644,0.001922707,0.001693716,0.00168009,0.001778374,0.001636802,0.001760232,0.001657469,0.00173859,0.001722114,0.00167907,0.001791426,0.001679823,0.001710265,0.001707177,0.001635329,0.00172265,0.001623428,0.001721919,0.001666812,0.001589508,Thiamine metabolism,Metabolism of cofactors and vitamins,Metabolism
ko00740,0.001156472,0.001292571,0.001137109,0.001212136,0.001367256,0.00120601,0.001257975,0.001348224,0.001191959,0.001273148,0.001193515,0.001244894,0.001263747,0.001164757,0.00119515,0.001161642,0.001179529,0.001215446,0.001158018,0.001209555,0.001153348,0.00120419,0.001131272,0.001139125,Riboflavin metabolism,Metabolism of cofactors and vitamins,Metabolism
ko00750,0.001111703,0.001164613,0.001145823,0.00116292,0.001151653,0.001134892,0.001164721,0.00118044,0.001125841,0.001153274,0.001141274,0.001155166,0.001153313,0.001088957,0.001079198,0.001101938,0.00109851,0.001123482,0.001089827,0.001088972,0.001105888,0.001105719,0.001164027,0.001179613,Vitamin B6 metabolism,Metabolism of cofactors and vitamins,Metabolism
ko00760,0.004144595,0.004303502,0.004110545,0.00410337,0.004262605,0.004145504,0.004279317,0.004073258,0.004142723,0.004228479,0.004102552,0.004165485,0.004231301,0.004267137,0.004022037,0.004160523,0.004081802,0.00408386,0.004064201,0.003990949,0.004252643,0.004182058,0.004287296,0.004197502,Nicotinate and nicotinamide metabolism,Metabolism of cofactors and vitamins,Metabolism
ko00770,0.002864372,0.002964229,0.002843891,0.002832914,0.002986007,0.002858215,0.002941786,0.002941723,0.002850471,0.00290979,0.002830164,0.002886141,0.00295871,0.002903282,0.002764267,0.002854515,0.002887481,0.002873796,0.002863209,0.002835995,0.002886245,0.002873845,0.003044019,0.002954316,Pantothenate and CoA biosynthesis,Metabolism of cofactors and vitamins,Metabolism
ko00780,0.006463482,0.006153606,0.006620766,0.006403434,0.005707544,0.006354402,0.006300138,0.006525722,0.006480513,0.006273678,0.006656382,0.006302452,0.006454712,0.006403484,0.006284523,0.00636402,0.006291822,0.006501225,0.00647266,0.0062567,0.006536865,0.006329766,0.006370191,0.006749997,Biotin metabolism,Metabolism of cofactors and vitamins,Metabolism
ko00785,0.000274527,0.000346126,0.000271913,0.000291995,0.000382371,0.000301439,0.000303721,0.000280109,0.000293733,0.000326732,0.000281091,0.000313684,0.000312606,0.000291785,0.00029703,0.000296764,0.000290921,0.000297816,0.0002852,0.000302215,0.000275779,0.000290807,0.000308271,0.000299776,Lipoic acid metabolism,Metabolism of cofactors and vitamins,Metabolism
ko00790,0.00356874,0.003705211,0.00353371,0.003616181,0.00377621,0.003568524,0.003653141,0.003713607,0.00354934,0.003654811,0.003634192,0.003685565,0.003803956,0.003716225,0.003859845,0.003738711,0.003831604,0.003828793,0.003734698,0.003890208,0.003694988,0.003860353,0.003719763,0.003675262,Folate biosynthesis,Metabolism of cofactors and vitamins,Metabolism
ko00791,0.000866053,0.000874821,0.000921434,0.000842799,0.000853055,0.000904291,0.000861644,0.000843837,0.000913717,0.000873743,0.000849658,0.000855788,0.000846196,0.000838548,0.000865703,0.000854944,0.000850959,0.000855088,0.000865873,0.000863649,0.00085445,0.00087551,0.000815553,0.000822907,Atrazine degradation,Xenobiotics biodegradation and metabolism,Metabolism
ko00830,0.000908934,0.00094131,0.000910659,0.000902759,0.000962574,0.00092432,0.000980319,0.000906564,0.000906172,0.000917931,0.000902377,0.000909879,0.000843545,0.000848825,0.000794798,0.000834,0.000846709,0.000836677,0.000867817,0.000796583,0.000896302,0.000835641,0.000915729,0.000923998,Retinol metabolism,Metabolism of cofactors and vitamins,Metabolism
ko00860,0.005339181,0.006268306,0.00524997,0.005683552,0.006962226,0.005706769,0.006004838,0.005350918,0.005496587,0.005838984,0.005295705,0.005874298,0.005577867,0.005479252,0.005805401,0.005640404,0.005556896,0.005646471,0.005448839,0.005740522,0.00530625,0.005478881,0.005189362,0.005109414,Porphyrin and chlorophyll metabolism,Metabolism of cofactors and vitamins,Metabolism
ko00900,0.002687348,0.002747158,0.002706039,0.00273464,0.002753467,0.002718226,0.002689198,0.002782299,0.002714461,0.002820952,0.002792446,0.002742791,0.002789702,0.002706914,0.002769059,0.002765847,0.002763916,0.002808292,0.002777186,0.002801615,0.002678634,0.002736137,0.002753276,0.002810179,Terpenoid backbone biosynthesis,Metabolism of terpenoids and polyketides,Metabolism
ko00901,3.27E-05,3.25E-05,3.03E-05,2.97E-05,2.81E-05,2.68E-05,3.12E-05,2.55E-05,2.81E-05,2.78E-05,3.08E-05,2.92E-05,2.98E-05,2.64E-05,2.39E-05,2.78E-05,2.82E-05,3.07E-05,2.64E-05,2.37E-05,3.13E-05,2.80E-05,3.89E-05,3.70E-05,Indole alkaloid biosynthesis,Biosynthesis of other secondary metabolites,Metabolism
ko00902,4.08E-05,3.20E-05,3.42E-05,3.64E-05,2.41E-05,3.74E-05,3.97E-05,2.64E-05,3.97E-05,4.56E-05,4.23E-05,3.28E-05,3.90E-05,3.39E-05,4.78E-05,4.08E-05,3.52E-05,4.32E-05,4.32E-05,3.44E-05,4.33E-05,4.03E-05,3.48E-05,5.27E-05,Monoterpenoid biosynthesis,Metabolism of terpenoids and polyketides,Metabolism
ko00903,0.002437774,0.00228246,0.002538125,0.002296811,0.002032176,0.002443026,0.002410372,0.002364609,0.002522262,0.002399811,0.002614523,0.002363131,0.002430981,0.002583935,0.00262096,0.002504154,0.002440252,0.002513662,0.002519969,0.002436241,0.002669193,0.002555159,0.002301315,0.002523306,Limonene and pinene degradation,Metabolism of terpenoids and polyketides,Metabolism
ko00906,0.00045685,0.000654833,0.000435101,0.000555609,0.000820907,0.000545453,0.000573452,0.00041598,0.000500893,0.000610141,0.000487885,0.000576437,0.000415271,0.000401049,0.000478258,0.000445707,0.000461712,0.000464842,0.000443623,0.000433712,0.00041757,0.000417845,0.000398345,0.000429863,Carotenoid biosynthesis,Metabolism of terpenoids and polyketides,Metabolism
ko00908,0.00012364,0.000143192,0.000129504,0.000133919,0.000143315,0.000128752,0.000136257,0.000136363,0.000133444,0.000138073,0.000137262,0.000136923,0.000146063,0.000137356,0.000140036,0.00013757,0.000136824,0.000138425,0.000134479,0.000139051,0.000130347,0.000135937,0.000144163,0.000148203,Zeatin biosynthesis,Metabolism of terpenoids and polyketides,Metabolism
ko00909,4.38E-05,4.35E-05,4.97E-05,3.50E-05,3.62E-05,4.54E-05,3.73E-05,3.35E-05,4.38E-05,4.56E-05,4.83E-05,4.15E-05,3.91E-05,3.30E-05,2.74E-05,3.64E-05,4.26E-05,3.92E-05,4.32E-05,3.35E-05,4.05E-05,3.76E-05,5.05E-05,4.31E-05,Sesquiterpenoid and triterpenoid biosynthesis,Metabolism of terpenoids and polyketides,Metabolism
ko00910,0.003747542,0.004229802,0.003848622,0.003729975,0.004437134,0.003988747,0.003960319,0.003778918,0.003962076,0.004077152,0.003700344,0.003944408,0.003802866,0.003904398,0.003908547,0.00386281,0.003911174,0.003940663,0.003903371,0.003923985,0.003866749,0.004027266,0.003870236,0.003684207,Nitrogen metabolism,Energy metabolism,Metabolism
ko00920,0.008142641,0.007775165,0.007813694,0.007763332,0.007635473,0.007654206,0.007878511,0.007385348,0.007653512,0.007541941,0.007664195,0.007688164,0.007785291,0.007799572,0.007528351,0.007797935,0.007819121,0.007766681,0.007919946,0.007829527,0.007855706,0.00767692,0.008131758,0.007635607,Sulfur metabolism,Energy metabolism,Metabolism
ko00930,0.002348671,0.002147879,0.002434149,0.002175305,0.001881582,0.002305953,0.002298902,0.002333432,0.002386336,0.002308727,0.002492961,0.002208248,0.002281646,0.002420814,0.002515914,0.002390504,0.002333133,0.002406871,0.002426052,0.002348582,0.002552155,0.002396344,0.002198548,0.002511217,Caprolactam degradation,Xenobiotics biodegradation and metabolism,Metabolism
ko00940,0.000329979,0.000409284,0.000373973,0.000382868,0.00043281,0.000388662,0.0004058,0.000560599,0.000369068,0.000411134,0.000364842,0.000384836,0.000342138,0.000328618,0.000319636,0.000333267,0.000334887,0.000348242,0.000316825,0.000336805,0.000331819,0.000349353,0.000332208,0.000388121,Phenylpropanoid biosynthesis,Biosynthesis of other secondary metabolites,Metabolism
ko00941,1.97E-05,6.92E-05,1.92E-05,3.33E-05,9.81E-05,4.40E-05,4.85E-05,3.91E-05,3.66E-05,5.37E-05,2.08E-05,4.65E-05,1.33E-05,9.93E-06,1.10E-05,7.95E-06,1.01E-05,1.35E-05,5.96E-06,7.75E-06,8.25E-06,1.12E-05,1.33E-05,7.42E-06,Flavonoid biosynthesis,Biosynthesis of other secondary metabolites,Metabolism
ko00943,2.42E-05,1.05E-05,1.77E-05,1.82E-05,9.15E-06,1.69E-05,9.15E-06,1.08E-05,1.65E-05,1.32E-05,2.04E-05,1.78E-05,7.97E-06,9.15E-06,9.92E-06,8.60E-06,1.61E-05,1.03E-05,1.57E-05,1.33E-05,1.27E-05,1.31E-05,1.57E-05,9.85E-06,Isoflavonoid biosynthesis,Biosynthesis of other secondary metabolites,Metabolism
ko00944,9.67E-06,1.19E-05,2.01E-05,1.48E-05,9.33E-06,1.47E-05,1.42E-05,4.71E-05,1.47E-05,1.62E-05,1.45E-05,1.44E-05,1.48E-05,1.31E-05,1.06E-05,1.24E-05,1.42E-05,1.22E-05,1.27E-05,1.32E-05,1.18E-05,1.54E-05,1.42E-05,2.17E-05,Flavone and flavonol biosynthesis,Biosynthesis of other secondary metabolites,Metabolism
ko00945,1.97E-05,6.92E-05,1.92E-05,3.33E-05,9.81E-05,4.40E-05,4.85E-05,3.91E-05,3.66E-05,5.37E-05,2.08E-05,4.65E-05,1.33E-05,9.93E-06,1.10E-05,7.95E-06,1.01E-05,1.35E-05,5.96E-06,7.75E-06,8.25E-06,1.12E-05,1.33E-05,7.42E-06,"Stilbenoid, diarylheptanoid and gingerol biosynthesis",Biosynthesis of other secondary metabolites,Metabolism
ko00950,0.00059615,0.000619026,0.000616409,0.000595733,0.000608581,0.000599936,0.000595989,0.000620478,0.000606703,0.000615753,0.00060563,0.000627306,0.000639023,0.000671508,0.000663441,0.000630785,0.000649754,0.00061747,0.0006156,0.000634513,0.000663483,0.000686893,0.000603985,0.000599419,Isoquinoline alkaloid biosynthesis,Biosynthesis of other secondary metabolites,Metabolism
ko00960,0.000846878,0.000877009,0.000875893,0.000890402,0.000886988,0.000864438,0.000854347,0.000857252,0.000879614,0.000867593,0.000870326,0.000892195,0.00090545,0.00091338,0.000915457,0.000888299,0.00090964,0.000874715,0.000866257,0.000908337,0.000902211,0.000917218,0.000869242,0.000867229,"Tropane, piperidine and pyridine alkaloid biosynthesis",Biosynthesis of other secondary metabolites,Metabolism
ko00965,0.000130464,0.000138863,0.000135926,0.000139926,0.000147903,0.000132937,0.000138322,0.000140891,0.00013316,0.000134765,0.000128659,0.000132277,0.000153585,0.000182413,0.000174545,0.000158877,0.00016579,0.00015588,0.000147062,0.000155125,0.000178384,0.000180492,0.000145025,0.00015416,Betalain biosynthesis,Biosynthesis of other secondary metabolites,Metabolism
ko00966,0.000168656,0.000173767,0.000172267,0.000192793,0.000189853,0.000172347,0.000178417,0.000162433,0.000168932,0.000174362,0.0001766,0.000169866,0.000184941,0.000177181,0.000186056,0.000176034,0.000181006,0.000181679,0.000176084,0.000175287,0.000183056,0.000175786,0.000193295,0.00020332,Glucosinolate biosynthesis,Biosynthesis of other secondary metabolites,Metabolism
ko00970,0.003821933,0.00407021,0.003833557,0.003987908,0.004151527,0.003910458,0.003884758,0.003971522,0.003896855,0.004060346,0.003906934,0.003980336,0.004031778,0.003942919,0.004012123,0.003969981,0.003997791,0.004012259,0.00392569,0.004003648,0.00391066,0.004005507,0.004065438,0.004001454,Aminoacyl-tRNA biosynthesis,Translation,Genetic Information Processing
ko00980,0.002418514,0.002294808,0.002302986,0.002270946,0.002229059,0.002318078,0.002380719,0.002202756,0.002312033,0.002278699,0.002313467,0.002272356,0.002207824,0.002324139,0.002247932,0.002259759,0.002257261,0.002262062,0.002316699,0.002142122,0.002419611,0.002280106,0.002342298,0.002424471,Metabolism of xenobiotics by cytochrome P450,Xenobiotics biodegradation and metabolism,Metabolism
ko00981,0.000848418,0.000828903,0.0009192,0.000837281,0.000754722,0.000895081,0.000878896,0.000873546,0.000907875,0.00085327,0.000944333,0.0008824,0.000926939,0.001013325,0.001002367,0.000950005,0.000920786,0.000932051,0.000901951,0.000904887,0.001024499,0.001023053,0.000843592,0.000899252,Insect hormone biosynthesis,Metabolism of terpenoids and polyketides,Metabolism
ko00982,0.002438019,0.002364795,0.002326105,0.002282953,0.002331649,0.002361144,0.002446027,0.00226143,0.002337342,0.002335544,0.002328483,0.002312995,0.002242598,0.002375766,0.002261505,0.00229813,0.00230566,0.002288546,0.002355529,0.002177784,0.002468118,0.002338435,0.002380808,0.002436113,Drug metabolism - cytochrome P450,Xenobiotics biodegradation and metabolism,Metabolism
ko00983,0.002624284,0.002532404,0.00248383,0.002515122,0.002414271,0.002477468,0.002545893,0.002571893,0.002477546,0.002508272,0.002555161,0.002496005,0.002566522,0.002607695,0.002500922,0.002565398,0.002531717,0.002536017,0.002538815,0.002457544,0.002615645,0.002559953,0.002635309,0.002632373,Drug metabolism - other enzymes,Xenobiotics biodegradation and metabolism,Metabolism
ko00984,0.000765361,0.000695637,0.000783783,0.000647427,0.000644597,0.000738138,0.000756859,0.000709329,0.00076871,0.000772071,0.000848915,0.000714953,0.000693218,0.000796669,0.000790302,0.000740482,0.000762858,0.000783259,0.000845787,0.000793,0.000839218,0.000780587,0.000615326,0.000645815,Steroid degradation,Xenobiotics biodegradation and metabolism,Metabolism
ko01040,0.005216267,0.004817736,0.005392798,0.00513004,0.004414053,0.005135886,0.005068769,0.005195704,0.00519655,0.005020935,0.005395686,0.005001166,0.004981561,0.004975088,0.004913821,0.005007886,0.004911966,0.005097352,0.005117369,0.004874069,0.005184557,0.004870319,0.004905935,0.005355815,Biosynthesis of unsaturated fatty acids,Lipid metabolism,Metabolism
ko01051,0.000385096,0.000365877,0.000482581,0.000380031,0.000332555,0.000407212,0.000362655,0.000514194,0.000405176,0.000367581,0.000408642,0.000395708,0.000358208,0.000305859,0.000379911,0.000366701,0.000390166,0.000335768,0.000401309,0.000383002,0.000374952,0.000302056,0.000385877,0.000385327,Biosynthesis of ansamycins,Metabolism of terpenoids and polyketides,Metabolism
ko01052,0.00064737,0.000867205,0.00101933,0.000568369,0.0007061,0.000774586,0.000778044,0.001386523,0.000925854,0.000769247,0.00076437,0.000834685,0.000640582,0.00067105,0.000971842,0.000741017,0.000842381,0.000567234,0.00078764,0.000699977,0.000918311,0.000663425,0.000523026,0.000594613,Type I polyketide structures,Metabolism of terpenoids and polyketides,Metabolism
ko01053,0.001263727,0.001291981,0.001352325,0.001379589,0.001220538,0.001330286,0.001622831,0.002014309,0.001495538,0.001356885,0.00137294,0.001448679,0.001456521,0.001844589,0.001580495,0.001468912,0.001631174,0.001506771,0.001396082,0.001415423,0.001727977,0.00190253,0.001318834,0.001313059,Biosynthesis of siderophore group nonribosomal peptides,Metabolism of terpenoids and polyketides,Metabolism
ko01054,0.001238907,0.001285243,0.001459874,0.001443618,0.001187243,0.00139405,0.00163633,0.002541372,0.001623059,0.001352439,0.001361025,0.001535959,0.001722771,0.002431185,0.001909313,0.001715868,0.00199286,0.001715008,0.001581209,0.001611142,0.002176807,0.002522584,0.001441669,0.001408962,Nonribosomal peptide structures,Metabolism of terpenoids and polyketides,Metabolism
ko01055,0.000567575,0.000625051,0.000545702,0.000587384,0.000688684,0.000563268,0.000599617,0.000611596,0.000567438,0.00058093,0.000538004,0.000590455,0.000546141,0.000552244,0.000505632,0.000529001,0.000565029,0.000544197,0.000530301,0.000522494,0.000532867,0.000527696,0.000606931,0.000598327,Biosynthesis of vancomycin group antibiotics,Metabolism of terpenoids and polyketides,Metabolism
ko01056,9.44E-05,9.33E-05,0.000104927,9.37E-05,7.17E-05,9.72E-05,9.47E-05,0.000103739,0.000100901,0.000102462,9.93E-05,9.93E-05,9.90E-05,0.000102675,9.70E-05,9.76E-05,9.12E-05,9.92E-05,9.52E-05,8.68E-05,0.000100478,0.000107986,0.000106372,0.000106469,Biosynthesis of type II polyketide backbone,Metabolism of terpenoids and polyketides,Metabolism
ko01057,0.00022853,0.000216298,0.000245483,0.000195449,0.000197407,0.000219698,0.000255028,0.000259544,0.000220689,0.000221761,0.000210653,0.000211128,0.000214045,0.000235294,0.000203551,0.000224985,0.000206345,0.000206296,0.000217072,0.000219791,0.000236724,0.00020266,0.000261352,0.0002546,Biosynthesis of type II polyketide products,Metabolism of terpenoids and polyketides,Metabolism
ko01059,0.000417163,0.000459421,0.000454646,0.000458205,0.000408516,0.000445697,0.000447229,0.000486214,0.00046862,0.000457873,0.000448103,0.00044534,0.000377738,0.000414344,0.000426385,0.00038345,0.000385493,0.00040305,0.000397925,0.000373866,0.000429592,0.000396669,0.000359732,0.000395396,Biosynthesis of enediyne antibiotics,Metabolism of terpenoids and polyketides,Metabolism
ko01062,0.000162184,0.000152356,0.000158451,0.000167373,0.00015511,0.000157388,0.000152181,0.00014838,0.000151289,0.00015342,0.000168117,0.000156812,0.000151252,0.000151997,0.000165508,0.000167577,0.000172878,0.000165559,0.000169595,0.000163482,0.000156844,0.000159341,0.000149455,0.000149485,Biosynthesis of terpenoids and steroids,Chemical structure transformation maps,Metabolism
ko01100,0.128876773,0.132833413,0.129647965,0.130244599,0.133761535,0.130578796,0.131616352,0.13171822,0.130086299,0.132418812,0.130491986,0.131345094,0.132003881,0.131668667,0.131289031,0.131190302,0.130912706,0.131153173,0.130033452,0.130789642,0.131254422,0.131842886,0.131180909,0.131035398,Metabolic pathways,Global and overview maps,Metabolism
ko01110,0.051380809,0.053302838,0.051534564,0.052151866,0.054180779,0.052298436,0.052522622,0.052390118,0.052013117,0.05340419,0.052189484,0.052704166,0.052996871,0.052432194,0.052733977,0.052487715,0.052681309,0.052632326,0.052247182,0.052635222,0.052273393,0.05294788,0.05232509,0.052311404,Biosynthesis of secondary metabolites,Global and overview maps,Metabolism
ko01120,0.057931548,0.055654478,0.059004854,0.055574661,0.053651823,0.057011649,0.056879111,0.056940593,0.057282295,0.056643416,0.058292297,0.056259881,0.057768897,0.058868629,0.057791557,0.05848062,0.058016392,0.057887824,0.058823775,0.058180573,0.059478023,0.058428871,0.059158469,0.05793332,Microbial metabolism in diverse environments,Global and overview maps,Metabolism
ko01130,0.046072058,0.045943451,0.046675555,0.046435823,0.045160949,0.046229635,0.046241079,0.047040535,0.046411905,0.04672815,0.047247507,0.046405014,0.046890613,0.046766434,0.046946705,0.046718738,0.04675812,0.046941561,0.046636361,0.04649297,0.047051012,0.04689839,0.046643095,0.047336964,Biosynthesis of antibiotics,Global and overview maps,Metabolism
ko01200,0.023943312,0.023494291,0.024653403,0.02396409,0.022683659,0.024070986,0.023656906,0.024057573,0.02406082,0.024011023,0.024772347,0.023913008,0.024602279,0.024043608,0.024692786,0.02454109,0.024379558,0.024594596,0.024573839,0.024585207,0.024309068,0.024238959,0.024470407,0.024713897,Carbon metabolism,Global and overview maps,Metabolism
ko01210,0.004864052,0.004905176,0.004880616,0.004997414,0.005004758,0.004882089,0.004934498,0.004978713,0.004855398,0.004899716,0.004846877,0.004906014,0.005119209,0.005196404,0.005124065,0.005054229,0.005080183,0.00500582,0.004928085,0.005013824,0.005104625,0.005174135,0.005108662,0.005008849,2-Oxocarboxylic acid metabolism,Global and overview maps,Metabolism
ko01212,0.013852263,0.012829413,0.014055905,0.013323853,0.011856255,0.013552164,0.013300927,0.013687298,0.013748923,0.013424844,0.014371349,0.013170632,0.013462844,0.01356312,0.013795515,0.013648159,0.013431373,0.013818677,0.013932599,0.013464437,0.013966909,0.013382461,0.013112477,0.014228038,Fatty acid metabolism,Global and overview maps,Metabolism
ko01220,0.006098357,0.005729164,0.006309567,0.005429801,0.005471555,0.005962502,0.006187248,0.005904001,0.006008842,0.005905558,0.006087186,0.005771167,0.005754094,0.006155783,0.005690719,0.005970619,0.005718086,0.005758253,0.005994786,0.005790489,0.006331672,0.005878998,0.006273266,0.005983208,Degradation of aromatic compounds,Global and overview maps,Metabolism
ko01230,0.019473542,0.019955722,0.019566544,0.020104368,0.020125278,0.01965868,0.019671369,0.020040009,0.019599899,0.019966431,0.019632085,0.019908429,0.020698361,0.020410148,0.020361423,0.020275922,0.020416904,0.020162063,0.019975515,0.020307013,0.0201326,0.020618637,0.020571174,0.020174447,Biosynthesis of amino acids,Global and overview maps,Metabolism
ko01501,0.005761993,0.005247432,0.005632511,0.005743221,0.005061608,0.005451875,0.005538414,0.005439211,0.005487489,0.005228013,0.005508589,0.005457027,0.005594488,0.005451024,0.005312846,0.005536297,0.005411534,0.005454553,0.005422349,0.005407185,0.005432474,0.005383247,0.005513805,0.005649086,beta-Lactam resistance,Drug resistance: Antimicrobial,Human Diseases
ko01502,0.000879773,0.001007111,0.000872291,0.000962484,0.001083637,0.000943266,0.000972023,0.000982369,0.000939709,0.000985404,0.000892784,0.000970098,0.000921388,0.000878224,0.000880887,0.000874888,0.000879277,0.000885783,0.000853686,0.000892016,0.000841912,0.000880212,0.00094498,0.00092199,Vancomycin resistance,Drug resistance: Antimicrobial,Human Diseases
ko01503,0.004174012,0.004228941,0.003946998,0.004185381,0.004454501,0.004097316,0.004247335,0.004159301,0.00411089,0.004021062,0.003962189,0.004201125,0.00425614,0.004164653,0.004055789,0.004099951,0.004234626,0.004128647,0.004159692,0.004252794,0.004016845,0.004107796,0.004091589,0.003939456,Cationic antimicrobial peptide (CAMP) resistance,Drug resistance: Antimicrobial,Human Diseases
ko01521,0,7.88E-08,1.24E-07,5.36E-07,1.27E-07,1.90E-07,2.71E-07,5.01E-07,0,6.20E-07,1.53E-07,1.73E-07,4.28E-07,3.45E-07,5.14E-07,7.82E-07,2.68E-07,2.67E-07,7.52E-08,4.49E-07,7.53E-07,3.91E-07,1.55E-06,0,EGFR tyrosine kinase inhibitor resistance,Drug resistance: Antineoplastic,Human Diseases
ko01522,1.09E-06,1.05E-07,1.93E-07,2.12E-06,7.47E-07,4.77E-07,1.10E-06,1.88E-06,2.97E-07,1.63E-06,0,3.18E-07,7.65E-08,0,0,0,1.97E-07,2.17E-07,1.74E-06,1.98E-07,1.77E-07,1.12E-07,0,1.66E-06,Endocrine resistance,Drug resistance: Antineoplastic,Human Diseases
ko01523,0.000677348,0.000672814,0.000682289,0.000692238,0.000636747,0.000669526,0.000681357,0.000722737,0.000669459,0.000671182,0.00069929,0.000687612,0.000741494,0.000709502,0.000715247,0.000733273,0.000713641,0.000724575,0.000701351,0.000729277,0.000697006,0.000708984,0.000745728,0.000723685,Antifolate resistance,Drug resistance: Antineoplastic,Human Diseases
ko01524,0.00207796,0.00198085,0.002012563,0.001953384,0.001892044,0.001987826,0.002011089,0.00197703,0.002004208,0.001952285,0.002015405,0.001960002,0.002016826,0.002096672,0.002071393,0.002082589,0.002030745,0.002056048,0.002078971,0.002009256,0.002115445,0.002062574,0.002093699,0.002112507,Platinum drug resistance,Drug resistance: Antineoplastic,Human Diseases
ko02010,0.052897068,0.051732103,0.053013202,0.053826523,0.050514077,0.051526474,0.050805413,0.046663302,0.052236436,0.050737967,0.050234315,0.05196033,0.049890795,0.048092987,0.046607675,0.048966569,0.047068898,0.04799786,0.048083595,0.047126882,0.049173195,0.0476345,0.05394703,0.050739572,ABC transporters,Membrane transport,Environmental Information Processing
ko02020,0.0545871,0.055443579,0.050627843,0.055729986,0.061217818,0.054396344,0.054235488,0.053491705,0.053390822,0.052859169,0.050443052,0.054443719,0.050665648,0.050951257,0.052612103,0.051366746,0.054112777,0.05231708,0.052548277,0.054809873,0.048244201,0.050821854,0.051054154,0.050886168,Two-component system,Signal transduction,Environmental Information Processing
ko02024,0.031792377,0.030031714,0.031661663,0.031722435,0.02917775,0.030758444,0.029915163,0.02820564,0.031220113,0.029976289,0.030269217,0.030533639,0.030087382,0.029649989,0.02914996,0.030133689,0.029001239,0.029321078,0.029735399,0.02910106,0.030131162,0.029426893,0.031749424,0.030662595,Quorum sensing,Cellular community - prokaryotes,Cellular Processes
ko02025,0.01087587,0.012022922,0.009679208,0.010986817,0.014143877,0.011167717,0.011356312,0.009637197,0.010880816,0.01114233,0.009432558,0.011258435,0.009277759,0.009728986,0.010325127,0.009976809,0.010505537,0.010374739,0.010426838,0.01061632,0.009275639,0.010017874,0.009330275,0.009098199,Biofilm formation - Pseudomonas aeruginosa,Cellular community - prokaryotes,Cellular Processes
ko02026,0.007272571,0.007673847,0.006702445,0.007370274,0.008578241,0.007383843,0.007327466,0.006754649,0.007239554,0.007129314,0.006582353,0.007351627,0.00649767,0.006576778,0.006705297,0.006678844,0.006963974,0.00683375,0.006930703,0.007051959,0.006336829,0.006615941,0.006225105,0.006241768,Biofilm formation - Escherichia coli,Cellular community - prokaryotes,Cellular Processes
ko02030,0.008536073,0.00702088,0.007530351,0.008441649,0.007341251,0.007607172,0.007428029,0.00845095,0.007531402,0.006900683,0.007441476,0.007630095,0.007547452,0.008318684,0.008439577,0.008395653,0.00893322,0.008254255,0.008631764,0.008695914,0.007876503,0.008366908,0.006792108,0.006710636,Bacterial chemotaxis,Cell motility,Cellular Processes
ko02040,0.004419084,0.003684131,0.00423554,0.004093132,0.003221939,0.003873655,0.003769628,0.004830481,0.003988249,0.003646236,0.004189595,0.00388536,0.004431558,0.004874177,0.004863287,0.004779444,0.004993706,0.004858207,0.004939548,0.004950605,0.004816453,0.005092089,0.003817691,0.00383772,Flagellar assembly,Cell motility,Cellular Processes
ko02060,0.000962285,0.000980161,0.000886312,0.001218904,0.000935133,0.001048933,0.001255656,0.00137351,0.001146961,0.001137344,0.001065624,0.001131429,0.001692374,0.00139197,0.001389192,0.001219003,0.001242415,0.001103895,0.001215873,0.001345154,0.001365838,0.001546052,0.000925679,0.001116111,Phosphotransferase system (PTS),Membrane transport,Environmental Information Processing
ko03008,0.000208561,0.000215808,0.000210265,0.000235942,0.000231543,0.000216316,0.000210857,0.000209133,0.000215174,0.000222703,0.000208362,0.000218966,0.000223259,0.000221221,0.000226435,0.000228742,0.000225179,0.000224366,0.000214134,0.000239593,0.000219772,0.000224244,0.000226566,0.000199538,Ribosome biogenesis in eukaryotes,Translation,Genetic Information Processing
ko03010,0.006419637,0.007012859,0.006406001,0.006867678,0.007181423,0.00664222,0.006666053,0.006883188,0.006599536,0.006964831,0.006672318,0.006868324,0.006998244,0.006755473,0.006897107,0.006799747,0.006849706,0.006886534,0.006622273,0.006823158,0.006647306,0.006922868,0.006889382,0.006775589,Ribosome,Translation,Genetic Information Processing
ko03013,0.000283339,0.00035045,0.000245486,0.000282656,0.000438853,0.000299896,0.000333706,0.000308714,0.000284414,0.000330735,0.000240341,0.000305468,0.000293805,0.00030931,0.000267826,0.00027793,0.000274789,0.000257009,0.000261075,0.000274076,0.000288761,0.000283898,0.000338327,0.000261103,RNA transport,Translation,Genetic Information Processing
ko03015,1.59E-07,2.36E-07,3.72E-07,1.48E-06,4.20E-07,5.14E-07,8.72E-07,1.41E-06,0,1.58E-06,4.58E-07,5.20E-07,1.54E-06,1.13E-06,1.74E-06,2.53E-06,9.72E-07,9.36E-07,2.26E-07,1.64E-06,2.26E-06,1.36E-06,4.54E-06,0,mRNA surveillance pathway,Translation,Genetic Information Processing
ko03018,0.003054006,0.00310706,0.003014101,0.003161837,0.003177944,0.003060083,0.003010281,0.003172013,0.003035124,0.003083501,0.003041352,0.003111518,0.003171508,0.003035521,0.003126243,0.003091939,0.003148979,0.003155157,0.003103426,0.003187387,0.002988517,0.003097952,0.003079543,0.003056806,RNA degradation,"Folding, sorting and degradation",Genetic Information Processing
ko03020,0.000591279,0.000675551,0.000583527,0.000645296,0.000701228,0.000622071,0.000642578,0.000633353,0.000613304,0.000672282,0.000617603,0.000651025,0.000641761,0.00060981,0.000620225,0.000624559,0.000615845,0.00062506,0.000603668,0.000614045,0.000602775,0.000615651,0.000647567,0.000630243,RNA polymerase,Transcription,Genetic Information Processing
ko03022,3.97E-05,2.79E-05,4.27E-05,4.52E-05,2.60E-05,3.75E-05,3.46E-05,4.06E-05,3.64E-05,3.16E-05,3.81E-05,3.54E-05,3.04E-05,2.93E-05,3.10E-05,3.65E-05,3.68E-05,3.18E-05,3.42E-05,4.31E-05,2.90E-05,2.71E-05,3.95E-05,3.20E-05,Basal transcription factors,Transcription,Genetic Information Processing
ko03030,0.002108752,0.002215415,0.002198888,0.00222733,0.002195588,0.002189727,0.002162554,0.002390285,0.002153751,0.00222998,0.002239517,0.002230765,0.002330007,0.002154916,0.002242228,0.002240025,0.002217505,0.002245064,0.002184212,0.00230876,0.00215283,0.002195991,0.002285389,0.00224191,DNA replication,Replication and repair,Genetic Information Processing
ko03040,0,0,0,3.35E-08,0,0,0,0,0,5.03E-08,6.11E-08,0,3.33E-06,4.64E-08,0,4.69E-08,0,0,0,0,0,0,0,0,Spliceosome,Transcription,Genetic Information Processing
ko03050,4.72E-05,5.57E-05,5.62E-05,6.00E-05,4.36E-05,4.98E-05,5.50E-05,7.39E-05,5.66E-05,6.44E-05,7.11E-05,6.02E-05,6.43E-05,5.16E-05,4.24E-05,5.15E-05,5.02E-05,4.69E-05,3.88E-05,4.43E-05,5.28E-05,5.85E-05,7.41E-05,5.41E-05,Proteasome,"Folding, sorting and degradation",Genetic Information Processing
ko03060,0.002272592,0.002457469,0.002260264,0.002386302,0.0024973,0.002325164,0.002332172,0.002397388,0.002325086,0.002446076,0.002348708,0.002404045,0.002477463,0.002358217,0.00242538,0.002375819,0.002386636,0.002426397,0.002330723,0.002407052,0.00231656,0.002409727,0.002480977,0.002460712,Protein export,"Folding, sorting and degradation",Genetic Information Processing
ko03070,0.005392817,0.004789377,0.005284152,0.005392144,0.004755372,0.005222988,0.005168909,0.005486608,0.005343097,0.004989704,0.005207306,0.005163519,0.005596398,0.006004532,0.006043806,0.005737713,0.006194662,0.005741119,0.005891951,0.006107397,0.006027841,0.00628871,0.005281738,0.00530658,Bacterial secretion system,Membrane transport,Environmental Information Processing
ko03320,0.003016295,0.002770218,0.002997339,0.00280778,0.002664156,0.002941507,0.002892826,0.002805946,0.002969433,0.002953462,0.003120768,0.002812792,0.002790383,0.002868011,0.002979288,0.002934091,0.00287613,0.002953517,0.003040614,0.002868515,0.00302163,0.002823309,0.002758424,0.002998442,PPAR signaling pathway,Endocrine system,Organismal Systems
ko03410,0.001976298,0.002006105,0.00199852,0.002044632,0.001982439,0.001980591,0.00197912,0.002144457,0.00196035,0.002016027,0.002038354,0.002019361,0.002062283,0.002029357,0.001994125,0.002048846,0.002043747,0.002040174,0.001974042,0.002020384,0.001984739,0.002044661,0.002100691,0.00207141,Base excision repair,Replication and repair,Genetic Information Processing
ko03420,0.001370662,0.001406693,0.001388875,0.001436583,0.001412885,0.001380088,0.001359426,0.001461519,0.001372874,0.001424187,0.001400425,0.001411835,0.001448812,0.001409851,0.001422489,0.001432765,0.001426321,0.001436137,0.001379572,0.001474332,0.001375744,0.001441902,0.001429226,0.001401647,Nucleotide excision repair,Replication and repair,Genetic Information Processing
ko03430,0.002427286,0.002612539,0.002449259,0.002573569,0.002684622,0.00252851,0.002505303,0.002650778,0.002484887,0.002583863,0.002499068,0.002571253,0.002655979,0.002482367,0.002559459,0.002535558,0.002537797,0.00255153,0.002490654,0.002615687,0.002452532,0.002527956,0.002519479,0.002531646,Mismatch repair,Replication and repair,Genetic Information Processing
ko03440,0.002735115,0.00289713,0.002762684,0.002882533,0.002936791,0.002821569,0.002810592,0.002960833,0.00278173,0.002899883,0.002836523,0.00288161,0.003025555,0.002820271,0.002894372,0.002893262,0.002865115,0.002883015,0.002855263,0.002951795,0.002784887,0.002853703,0.002925571,0.002879231,Homologous recombination,Replication and repair,Genetic Information Processing
ko03450,0.000327768,0.000299051,0.000354972,0.000331974,0.000270489,0.000325132,0.000331817,0.000335531,0.000317234,0.000315348,0.000351276,0.000326925,0.000318006,0.000278878,0.00026286,0.000297597,0.000277946,0.00030589,0.000283729,0.000266615,0.000289088,0.000267004,0.000342387,0.000346307,Non-homologous end-joining,Replication and repair,Genetic Information Processing
ko03460,1.76E-06,1.01E-06,4.87E-06,2.34E-06,1.58E-06,3.05E-06,4.38E-06,4.60E-06,1.87E-06,2.78E-06,3.50E-06,3.50E-06,4.83E-06,4.58E-06,7.68E-06,7.94E-06,3.71E-06,4.59E-06,2.20E-06,9.31E-06,6.26E-06,2.83E-06,8.97E-06,3.62E-06,Fanconi anemia pathway,Replication and repair,Genetic Information Processing
ko04011,0.000156999,0.000157945,0.000170044,0.000172603,0.000166121,0.000173324,0.000169956,0.000156766,0.000172938,0.000162249,0.000162192,0.000166143,0.000161876,0.000145912,0.000157421,0.000149577,0.000154282,0.000167497,0.000155164,0.000154601,0.000159795,0.000157212,0.00015481,0.000166296,MAPK signaling pathway - yeast,Signal transduction,Environmental Information Processing
ko04013,0.000190319,0.000185521,0.000184009,0.000187558,0.000180867,0.000182216,0.000179957,0.000172011,0.000191707,0.000181053,0.000185502,0.000184992,0.000196737,0.000174177,0.000166227,0.000176096,0.000185011,0.000184335,0.000190296,0.000182275,0.000177363,0.000180181,0.000184414,0.000175534,MAPK signaling pathway - fly,Signal transduction,Environmental Information Processing
ko04014,2.31E-05,2.56E-05,2.61E-05,2.33E-05,2.15E-05,3.29E-05,2.81E-05,3.29E-05,2.55E-05,3.09E-05,3.33E-05,2.63E-05,2.88E-05,2.68E-05,2.55E-05,3.00E-05,2.51E-05,2.48E-05,2.38E-05,2.46E-05,2.34E-05,2.52E-05,3.40E-05,3.58E-05,Ras signaling pathway,Signal transduction,Environmental Information Processing
ko04016,0.000625651,0.000701293,0.000672136,0.000674015,0.000705722,0.000668688,0.00067214,0.000719567,0.000675541,0.00067791,0.000654971,0.000673665,0.000709578,0.000663695,0.000692756,0.000688212,0.000655415,0.00068202,0.000660111,0.000700494,0.000657749,0.00067598,0.000702063,0.000689045,MAPK signaling pathway - plant,Signal transduction,Environmental Information Processing
ko04020,7.46E-06,2.89E-05,3.56E-06,1.17E-05,4.51E-05,1.72E-05,1.74E-05,3.53E-06,1.40E-05,2.24E-05,5.03E-06,1.79E-05,4.00E-06,3.12E-06,4.55E-06,2.62E-06,2.74E-06,6.63E-06,8.25E-07,3.59E-06,9.38E-07,2.24E-06,3.14E-06,1.89E-06,Calcium signaling pathway,Signal transduction,Environmental Information Processing
ko04022,1.41E-05,4.20E-05,1.52E-05,2.01E-05,5.52E-05,2.54E-05,2.75E-05,1.50E-05,2.45E-05,3.47E-05,1.53E-05,2.77E-05,1.35E-05,1.28E-05,1.48E-05,1.33E-05,1.20E-05,1.82E-05,1.37E-05,1.64E-05,9.51E-06,1.89E-05,1.57E-05,8.90E-06,cGMP-PKG signaling pathway,Signal transduction,Environmental Information Processing
ko04024,4.26E-05,7.41E-05,4.78E-05,4.82E-05,8.14E-05,6.35E-05,5.88E-05,5.23E-05,5.56E-05,7.49E-05,5.48E-05,6.07E-05,4.57E-05,4.35E-05,4.33E-05,4.76E-05,4.07E-05,4.68E-05,4.03E-05,4.50E-05,3.80E-05,5.04E-05,5.36E-05,4.64E-05,cAMP signaling pathway,Signal transduction,Environmental Information Processing
ko04064,2.82E-06,4.16E-06,4.21E-06,3.74E-06,3.59E-06,2.22E-06,6.81E-07,2.78E-06,3.00E-06,1.90E-06,4.59E-06,3.04E-06,4.04E-06,3.94E-06,1.39E-06,3.75E-06,3.97E-06,2.90E-06,3.48E-06,2.12E-06,2.69E-06,2.84E-06,6.37E-06,5.24E-06,NF-kappa B signaling pathway,Signal transduction,Environmental Information Processing
ko04066,0.000734274,0.000772221,0.000786538,0.00074977,0.000752449,0.000756814,0.000750591,0.000829998,0.000768286,0.000799787,0.000809257,0.000786074,0.000775069,0.00074289,0.00076516,0.00075487,0.000763995,0.000772576,0.000765498,0.000754427,0.000776825,0.000760569,0.000821396,0.000811617,HIF-1 signaling pathway,Signal transduction,Environmental Information Processing
ko04068,0.000404311,0.000388925,0.000415141,0.000419645,0.0003887,0.000406414,0.000398528,0.000383117,0.000422572,0.000396689,0.000403891,0.000406366,0.000424905,0.000393908,0.000403033,0.000394589,0.000416735,0.000427195,0.000418761,0.000417279,0.000403894,0.000417949,0.000401582,0.000400448,FoxO signaling pathway,Signal transduction,Environmental Information Processing
ko04070,0.000579635,0.000628164,0.000568723,0.000605375,0.000641314,0.000594441,0.000595565,0.000564535,0.000580558,0.000611674,0.000597505,0.000609168,0.000586502,0.000551312,0.000554251,0.000565844,0.00056164,0.000576774,0.000558911,0.000559335,0.000553852,0.000551524,0.00057813,0.000587783,Phosphatidylinositol signaling system,Signal transduction,Environmental Information Processing
ko04071,3.23E-05,3.54E-05,3.32E-05,3.15E-05,3.04E-05,4.30E-05,4.17E-05,4.42E-05,3.55E-05,4.22E-05,4.21E-05,3.75E-05,3.51E-05,3.34E-05,3.19E-05,3.57E-05,3.49E-05,3.56E-05,3.00E-05,3.19E-05,3.24E-05,3.48E-05,3.99E-05,4.31E-05,Sphingolipid signaling pathway,Signal transduction,Environmental Information Processing
ko04072,9.96E-05,0.000107563,0.000103891,0.000104579,0.000117461,0.000120167,0.000108796,0.000109907,0.000106746,0.000110984,0.00010276,0.000107811,0.000118962,0.000114853,0.00011666,0.000115328,0.000110887,0.000106828,0.000107663,0.000116214,0.000106547,0.000112492,0.000108609,0.000112205,Phospholipase D signaling pathway,Signal transduction,Environmental Information Processing
ko04080,8.36E-05,8.33E-05,9.57E-05,8.76E-05,7.43E-05,8.43E-05,9.00E-05,0.000118238,7.94E-05,8.76E-05,9.94E-05,8.70E-05,8.58E-05,8.60E-05,8.40E-05,8.91E-05,9.15E-05,9.37E-05,9.40E-05,8.69E-05,9.45E-05,8.79E-05,9.59E-05,0.000101792,Neuroactive ligand-receptor interaction,Signaling molecules and interaction,Environmental Information Processing
ko04110,0,7.88E-08,1.24E-07,5.36E-07,1.27E-07,1.90E-07,2.71E-07,5.01E-07,0,6.20E-07,1.53E-07,1.73E-07,4.28E-07,3.45E-07,5.14E-07,7.82E-07,2.68E-07,2.67E-07,7.52E-08,4.49E-07,7.53E-07,3.91E-07,1.55E-06,0,Cell cycle,Cell growth and death,Cellular Processes
ko04112,0.007193449,0.007902199,0.006609973,0.007281351,0.008709922,0.00728332,0.007362832,0.006438888,0.007099921,0.007347943,0.006707689,0.007482739,0.006414688,0.006429049,0.006632835,0.006632091,0.006892729,0.006872386,0.006770305,0.006730304,0.006294848,0.006447193,0.006993873,0.006769921,Cell cycle - Caulobacter,Cell growth and death,Cellular Processes
ko04113,0.000783454,0.001263177,0.000728363,0.000807179,0.001583359,0.001001012,0.001040244,0.000644915,0.000973743,0.001197855,0.00069597,0.00103332,0.000707609,0.000638377,0.000737153,0.000654062,0.000641721,0.00074159,0.000688809,0.000671731,0.000633057,0.00064987,0.000792695,0.000848629,Meiosis - yeast,Cell growth and death,Cellular Processes
ko04114,0,7.88E-08,1.24E-07,2.85E-07,6.67E-08,1.35E-07,1.49E-07,2.10E-07,0,1.17E-07,1.53E-07,1.73E-07,4.28E-07,3.45E-07,5.14E-07,7.82E-07,2.68E-07,2.67E-07,7.52E-08,4.49E-07,7.53E-07,2.66E-07,8.85E-07,0,Oocyte meiosis,Cell growth and death,Cellular Processes
ko04115,0.000318064,0.000273294,0.000327775,0.000297907,0.000242289,0.000299176,0.000305105,0.000309069,0.000302498,0.000277515,0.000326219,0.000290017,0.000305518,0.000294705,0.0002943,0.000321512,0.000310302,0.000329985,0.000326122,0.000311048,0.000294843,0.000293863,0.000315949,0.0003144,p53 signaling pathway,Cell growth and death,Cellular Processes
ko04122,0.001712169,0.001810587,0.001706538,0.001794162,0.001853733,0.001750693,0.001708011,0.001746594,0.001741182,0.001793041,0.001749615,0.001771833,0.001849277,0.001717113,0.001800687,0.001754089,0.001786709,0.001791017,0.001748284,0.001814158,0.001696544,0.001786517,0.001791331,0.001701647,Sulfur relay system,"Folding, sorting and degradation",Genetic Information Processing
ko04138,5.71E-05,5.84E-05,5.90E-05,6.79E-05,4.78E-05,5.56E-05,4.63E-05,7.84E-05,5.95E-05,4.83E-05,6.13E-05,5.54E-05,5.26E-05,4.55E-05,5.48E-05,4.89E-05,5.22E-05,5.64E-05,5.11E-05,5.14E-05,4.88E-05,4.55E-05,5.91E-05,5.68E-05,Autophagy - yeast,Transport and catabolism,Cellular Processes
ko04140,0,1.90E-07,1.24E-07,6.78E-07,2.47E-07,2.63E-07,2.71E-07,9.70E-07,1.17E-07,6.20E-07,2.83E-07,3.68E-07,4.28E-07,3.45E-07,5.14E-07,7.82E-07,2.68E-07,2.67E-07,7.52E-08,4.49E-07,7.53E-07,3.91E-07,1.55E-06,0,Autophagy - animal,Transport and catabolism,Cellular Processes
ko04141,0.000428426,0.00046278,0.000467551,0.000487386,0.0005303,0.000483139,0.000453267,0.000547165,0.000461416,0.000456906,0.000433907,0.00047271,0.000419919,0.000431314,0.000450524,0.000435573,0.000452657,0.000424989,0.000421942,0.000470766,0.00042402,0.000410889,0.000466236,0.000455035,Protein processing in endoplasmic reticulum,"Folding, sorting and degradation",Genetic Information Processing
ko04142,0.000155191,0.000142273,0.000207636,0.000186406,0.000123161,0.000178363,0.000161294,0.000421435,0.000161302,0.000155105,0.000171152,0.000161231,0.000173126,0.000154273,0.000111002,0.000142383,0.000152757,0.000144575,0.000134525,0.000134613,0.000141877,0.000161014,0.000163938,0.000187162,Lysosome,Transport and catabolism,Cellular Processes
ko04144,2.37E-05,2.72E-05,2.74E-05,2.38E-05,2.22E-05,3.51E-05,2.88E-05,3.43E-05,2.80E-05,3.32E-05,3.51E-05,2.80E-05,3.22E-05,2.90E-05,2.58E-05,3.31E-05,2.54E-05,2.56E-05,2.43E-05,2.57E-05,2.38E-05,2.67E-05,3.81E-05,3.64E-05,Endocytosis,Transport and catabolism,Cellular Processes
ko04145,0,7.88E-08,1.24E-07,6.86E-07,1.27E-07,1.90E-07,3.53E-07,6.23E-07,3.71E-08,6.20E-07,1.53E-07,1.73E-07,4.28E-07,3.45E-07,5.14E-07,7.82E-07,2.68E-07,2.67E-07,7.52E-08,4.49E-07,7.53E-07,5.17E-07,1.84E-06,0,Phagosome,Transport and catabolism,Cellular Processes
ko04146,0.002745285,0.002536545,0.00280108,0.002645326,0.002539501,0.002742252,0.002622214,0.002600877,0.00274291,0.00264021,0.002828632,0.002619001,0.0025789,0.002569832,0.002652199,0.002634261,0.002626346,0.002699649,0.002742895,0.002657299,0.002669163,0.002549384,0.002613106,0.002698349,Peroxisome,Transport and catabolism,Cellular Processes
ko04150,0,7.88E-08,1.24E-07,5.36E-07,1.27E-07,1.90E-07,2.71E-07,5.01E-07,0,6.20E-07,1.53E-07,1.73E-07,4.28E-07,3.45E-07,5.14E-07,7.82E-07,2.68E-07,2.67E-07,7.52E-08,4.49E-07,7.53E-07,3.91E-07,1.55E-06,0,mTOR signaling pathway,Signal transduction,Environmental Information Processing
ko04151,0.000121637,0.000119406,0.00013145,0.000132104,0.00013484,0.000128967,0.000128699,0.000144388,0.000133627,0.000134279,0.000119722,0.000130812,0.00014958,0.000157212,0.00016666,0.000151491,0.000158592,0.000148469,0.000151995,0.000166388,0.000147464,0.000163568,0.000137794,0.000138683,PI3K-Akt signaling pathway,Signal transduction,Environmental Information Processing
ko04152,0.000337682,0.000381198,0.000336649,0.000355486,0.000454986,0.000366713,0.000344106,0.00036283,0.000366636,0.000362772,0.000312932,0.000367595,0.000341642,0.000355306,0.000393342,0.000345226,0.000372702,0.00035638,0.000354987,0.000388475,0.000340893,0.000372276,0.000336354,0.000310269,AMPK signaling pathway,Signal transduction,Environmental Information Processing
ko04210,0.000329518,0.000287072,0.000344108,0.000308882,0.000250696,0.00031573,0.00031844,0.000347751,0.00031493,0.000297114,0.0003397,0.000304418,0.000319681,0.000323352,0.000319036,0.000339872,0.000332617,0.000346654,0.000340795,0.000326872,0.000326018,0.000329159,0.000327321,0.000325945,Apoptosis,Cell growth and death,Cellular Processes
ko04211,0.000347318,0.000343465,0.000354053,0.00036016,0.000346988,0.00035554,0.000349914,0.000328777,0.000364645,0.000343303,0.000347695,0.000351134,0.000358613,0.000320089,0.000323648,0.000325673,0.000339293,0.000351832,0.00034546,0.000336876,0.000337159,0.000337393,0.000339224,0.00034183,Longevity regulating pathway,Aging,Organismal Systems
ko04212,0.001130541,0.001297292,0.001093382,0.001190347,0.001440278,0.001200501,0.001212249,0.001155612,0.001192523,0.001235555,0.001086884,0.001225377,0.00110131,0.001082116,0.001092428,0.001067019,0.001115689,0.001118272,0.001083744,0.001084931,0.001085922,0.001122434,0.001077789,0.001060284,Longevity regulating pathway - worm,Aging,Organismal Systems
ko04213,0.001511584,0.002040344,0.001443339,0.00158283,0.002411527,0.001770121,0.001819818,0.001349576,0.001739341,0.001957539,0.001414553,0.001795404,0.001439009,0.001330521,0.00143062,0.001337439,0.001355911,0.001465143,0.001392886,0.001372545,0.001333022,0.001371144,0.001468463,0.001528136,Longevity regulating pathway - multiple species,Aging,Organismal Systems
ko04214,0.000713171,0.000703271,0.000741342,0.00071353,0.000682862,0.000715327,0.000727682,0.000727771,0.000713068,0.000717712,0.000765565,0.000712185,0.000733883,0.00073787,0.00076291,0.00075918,0.000750533,0.000786888,0.000759868,0.000744338,0.000752498,0.000757081,0.000728081,0.000743175,Apoptosis - fly,Cell growth and death,Cellular Processes
ko04215,0.000314997,0.000270789,0.000324571,0.000294366,0.00024051,0.000296051,0.000301401,0.000306019,0.000298684,0.00027391,0.000323581,0.000287376,0.000302373,0.000292596,0.000290743,0.000318665,0.000308369,0.000327215,0.000323232,0.000308586,0.000292335,0.000291475,0.000313525,0.000310504,Apoptosis - multiple species,Cell growth and death,Cellular Processes
ko04216,0.00124646,0.001146234,0.001265069,0.001154729,0.001124857,0.00122618,0.00116469,0.001138083,0.00124321,0.001210548,0.001290032,0.001178203,0.001164598,0.001153646,0.001224834,0.001204762,0.001181172,0.001213156,0.001261813,0.001217932,0.001200633,0.001151612,0.001143697,0.001196779,Ferroptosis,Cell growth and death,Cellular Processes
ko04217,0.000778208,0.000789649,0.000782993,0.000805672,0.000780379,0.000791864,0.000804741,0.000810581,0.00079243,0.000784926,0.0007851,0.000803192,0.000794618,0.000784326,0.000789825,0.000793685,0.000799784,0.000796236,0.000787332,0.000803996,0.000771467,0.000794476,0.000793412,0.000774842,Necroptosis,Cell growth and death,Cellular Processes
ko04218,0,7.88E-08,1.24E-07,2.85E-07,6.67E-08,1.35E-07,1.49E-07,2.10E-07,0,1.17E-07,1.53E-07,1.73E-07,4.28E-07,3.45E-07,5.14E-07,7.82E-07,2.68E-07,2.67E-07,7.52E-08,4.49E-07,7.53E-07,2.66E-07,8.85E-07,0,Cellular senescence,Cell growth and death,Cellular Processes
ko04260,0.000355298,0.000327018,0.000346777,0.00035338,0.000310304,0.000330694,0.000336005,0.000331653,0.000333001,0.000321481,0.000365711,0.000341444,0.000345938,0.000370423,0.000382318,0.000382216,0.000382435,0.000391122,0.000376791,0.000376612,0.000367792,0.000382464,0.000358872,0.000348754,Cardiac muscle contraction,Circulatory system,Organismal Systems
ko04261,1.40E-05,4.20E-05,1.52E-05,2.00E-05,5.51E-05,2.54E-05,2.75E-05,1.50E-05,2.45E-05,3.45E-05,1.53E-05,2.77E-05,1.32E-05,1.27E-05,1.46E-05,1.31E-05,1.18E-05,1.81E-05,1.37E-05,1.61E-05,9.51E-06,1.86E-05,1.51E-05,8.90E-06,Adrenergic signaling in cardiomyocytes,Circulatory system,Organismal Systems
ko04270,0,7.88E-08,1.24E-07,2.85E-07,6.67E-08,1.35E-07,1.49E-07,2.10E-07,0,1.17E-07,1.53E-07,1.73E-07,4.28E-07,3.45E-07,5.14E-07,7.82E-07,2.68E-07,2.67E-07,7.52E-08,4.49E-07,7.53E-07,2.66E-07,8.85E-07,0,Vascular smooth muscle contraction,Circulatory system,Organismal Systems
ko04310,0,1.06E-06,0,0,1.00E-06,0,0,1.16E-06,0,5.19E-07,1.19E-06,5.20E-07,1.84E-06,1.75E-06,0,1.45E-06,2.03E-06,1.41E-06,6.45E-07,2.66E-06,0,1.43E-06,2.39E-06,3.18E-06,Wnt signaling pathway,Signal transduction,Environmental Information Processing
ko04320,1.09E-06,1.05E-07,1.93E-07,2.12E-06,7.47E-07,4.77E-07,1.10E-06,1.88E-06,2.97E-07,1.63E-06,0,3.18E-07,7.65E-08,0,0,0,1.97E-07,2.17E-07,1.74E-06,1.98E-07,1.77E-07,1.12E-07,0,1.66E-06,Dorso-ventral axis formation,Development,Organismal Systems
ko04330,1.09E-06,1.17E-06,1.93E-07,2.12E-06,1.75E-06,4.77E-07,1.10E-06,3.04E-06,2.97E-07,2.14E-06,1.19E-06,8.38E-07,1.91E-06,1.75E-06,0,1.45E-06,2.23E-06,1.63E-06,2.39E-06,2.85E-06,1.77E-07,1.54E-06,2.39E-06,4.84E-06,Notch signaling pathway,Signal transduction,Environmental Information Processing
ko04370,2.82E-06,4.16E-06,4.21E-06,3.74E-06,3.59E-06,2.22E-06,6.81E-07,2.78E-06,3.00E-06,1.90E-06,4.59E-06,3.04E-06,4.04E-06,3.94E-06,1.39E-06,3.75E-06,3.97E-06,2.90E-06,3.48E-06,2.12E-06,2.69E-06,2.84E-06,6.37E-06,5.24E-06,VEGF signaling pathway,Signal transduction,Environmental Information Processing
ko04371,0,7.88E-08,1.24E-07,5.36E-07,1.27E-07,1.90E-07,2.71E-07,5.01E-07,0,6.20E-07,1.53E-07,1.73E-07,4.28E-07,3.45E-07,5.14E-07,7.82E-07,2.68E-07,2.67E-07,7.52E-08,4.49E-07,7.53E-07,3.91E-07,1.55E-06,0,Apelin signaling pathway,Signal transduction,Environmental Information Processing
ko04380,1.99E-06,2.91E-06,1.00E-06,1.74E-06,2.66E-06,3.82E-06,2.78E-06,3.10E-06,2.06E-06,1.02E-06,2.28E-06,2.02E-06,6.19E-07,7.96E-07,2.46E-06,9.82E-07,3.39E-06,2.41E-06,9.81E-07,1.22E-06,1.32E-06,1.29E-06,1.62E-06,3.33E-06,Osteoclast differentiation,Development,Organismal Systems
ko04390,0,7.88E-08,1.24E-07,2.85E-07,6.67E-08,1.35E-07,1.49E-07,2.10E-07,0,1.17E-07,1.53E-07,1.73E-07,4.28E-07,3.45E-07,5.14E-07,7.82E-07,2.68E-07,2.67E-07,7.52E-08,4.49E-07,7.53E-07,2.66E-07,8.85E-07,0,Hippo signaling pathway,Signal transduction,Environmental Information Processing
ko04510,3.51E-07,6.36E-07,4.78E-07,5.64E-07,6.50E-07,3.39E-07,8.12E-07,4.60E-07,6.99E-07,6.34E-07,5.46E-07,6.00E-07,6.64E-07,4.81E-07,1.07E-06,1.02E-06,6.30E-07,6.77E-07,3.24E-07,6.19E-07,1.08E-06,6.61E-07,1.48E-06,2.38E-07,Focal adhesion,Cellular community - eukaryotes,Cellular Processes
ko04512,3.51E-07,5.57E-07,3.54E-07,2.80E-07,5.83E-07,2.04E-07,6.62E-07,2.50E-07,6.99E-07,5.17E-07,3.93E-07,4.27E-07,2.36E-07,1.36E-07,5.59E-07,2.41E-07,3.62E-07,4.09E-07,2.49E-07,1.70E-07,3.23E-07,3.95E-07,5.91E-07,2.38E-07,ECM-receptor interaction,Signaling molecules and interaction,Environmental Information Processing
ko04530,0,7.88E-08,1.24E-07,5.36E-07,1.27E-07,1.90E-07,2.71E-07,5.01E-07,0,6.20E-07,1.53E-07,1.73E-07,4.28E-07,3.45E-07,5.14E-07,7.82E-07,2.68E-07,2.67E-07,7.52E-08,4.49E-07,7.53E-07,3.91E-07,1.55E-06,0,Tight junction,Cellular community - eukaryotes,Cellular Processes
ko04610,0,0,0,0,0,0,0,1.21E-07,0,0,0,0,0,0,0,0,0,0,0,0,0,0,0,0,Complement and coagulation cascades,Immune system,Organismal Systems
ko04611,6.53E-07,1.01E-06,7.14E-07,7.51E-07,1.04E-06,4.75E-07,1.25E-06,6.26E-07,1.20E-06,1.16E-06,8.07E-07,9.61E-07,8.21E-07,5.72E-07,1.45E-06,1.18E-06,8.72E-07,9.50E-07,4.90E-07,7.32E-07,1.29E-06,9.25E-07,1.87E-06,3.96E-07,Platelet activation,Immune system,Organismal Systems
ko04612,6.95E-05,8.16E-05,7.71E-05,7.78E-05,9.82E-05,8.30E-05,8.80E-05,9.37E-05,8.27E-05,8.56E-05,6.88E-05,8.28E-05,9.18E-05,8.87E-05,9.00E-05,8.74E-05,8.76E-05,8.31E-05,8.70E-05,9.16E-05,8.41E-05,8.88E-05,8.27E-05,8.56E-05,Antigen processing and presentation,Immune system,Organismal Systems
ko04614,0.000174946,0.000116279,0.000141495,0.000153294,0.000104197,0.000133382,0.000124591,0.000128526,0.000134997,0.000123285,0.000161748,0.000142228,0.000144245,0.000126437,0.000131099,0.000141745,0.000152468,0.000140384,0.000150414,0.000157468,0.000122307,0.000121111,0.000145968,0.000171409,Renin-angiotensin system,Endocrine system,Organismal Systems
ko04621,0.000673838,0.000720069,0.000706818,0.000730246,0.000751996,0.000721083,0.000688869,0.00088529,0.000714732,0.000694097,0.0006786,0.000719719,0.000732548,0.00071954,0.000717937,0.000721102,0.000751161,0.0007351,0.00072474,0.000748785,0.000680568,0.000732994,0.000664009,0.000685442,NOD-like receptor signaling pathway,Immune system,Organismal Systems
ko04622,2.99E-05,3.28E-05,3.75E-05,3.31E-05,2.34E-05,3.00E-05,2.99E-05,2.84E-05,3.50E-05,3.12E-05,3.51E-05,3.60E-05,3.96E-05,2.69E-05,3.46E-05,3.33E-05,2.48E-05,3.26E-05,2.83E-05,3.01E-05,3.27E-05,2.89E-05,3.90E-05,3.91E-05,RIG-I-like receptor signaling pathway,Immune system,Organismal Systems
ko04623,0,0,0,0,0,0,0,7.28E-08,0,0,0,0,0,0,0,0,0,0,0,0,0,0,0,0,Cytosolic DNA-sensing pathway,Immune system,Organismal Systems
ko04625,2.82E-06,4.16E-06,4.21E-06,3.74E-06,3.59E-06,2.22E-06,6.81E-07,2.78E-06,3.00E-06,1.90E-06,4.59E-06,3.04E-06,4.04E-06,3.94E-06,1.39E-06,3.75E-06,3.97E-06,2.90E-06,3.48E-06,2.12E-06,2.69E-06,2.84E-06,6.37E-06,5.24E-06,C-type lectin receptor signaling pathway,Immune system,Organismal Systems
ko04626,0.000687791,0.00058167,0.000646155,0.000684534,0.000567614,0.000634862,0.000661892,0.00081959,0.000643167,0.000596234,0.000655372,0.000643524,0.000704852,0.000692327,0.000698462,0.000684571,0.000706934,0.000703413,0.000701385,0.000713636,0.000680589,0.000691809,0.000612271,0.00064451,Plant-pathogen interaction,Environmental adaptation,Organismal Systems
ko04640,0,7.48E-07,1.01E-06,3.77E-07,3.20E-07,7.89E-07,7.12E-07,2.67E-07,6.30E-07,4.02E-07,7.33E-07,6.07E-07,0,5.57E-07,9.88E-08,0,0,0,5.16E-07,5.75E-07,0,4.82E-07,0,0,Hematopoietic cell lineage,Immune system,Organismal Systems
ko04657,7.23E-05,8.58E-05,8.13E-05,8.15E-05,0.000101821,8.53E-05,8.86E-05,9.65E-05,8.57E-05,8.75E-05,7.34E-05,8.58E-05,9.59E-05,9.26E-05,9.14E-05,9.12E-05,9.15E-05,8.60E-05,9.05E-05,9.37E-05,8.68E-05,9.16E-05,8.91E-05,9.08E-05,IL-17 signaling pathway,Immune system,Organismal Systems
ko04658,1.09E-06,1.05E-07,1.93E-07,2.12E-06,7.47E-07,4.77E-07,1.10E-06,1.88E-06,2.97E-07,1.63E-06,0,3.18E-07,7.65E-08,0,0,0,1.97E-07,2.17E-07,1.74E-06,1.98E-07,1.77E-07,1.12E-07,0,1.66E-06,Th1 and Th2 cell differentiation,Immune system,Organismal Systems
ko04659,6.95E-05,8.16E-05,7.71E-05,7.78E-05,9.82E-05,8.30E-05,8.80E-05,9.37E-05,8.27E-05,8.56E-05,6.88E-05,8.28E-05,9.18E-05,8.87E-05,9.00E-05,8.74E-05,8.76E-05,8.31E-05,8.70E-05,9.16E-05,8.41E-05,8.88E-05,8.27E-05,8.56E-05,Th17 cell differentiation,Immune system,Organismal Systems
ko04666,2.31E-05,2.56E-05,2.61E-05,2.33E-05,2.15E-05,3.29E-05,2.81E-05,3.29E-05,2.55E-05,3.09E-05,3.33E-05,2.63E-05,2.88E-05,2.68E-05,2.55E-05,3.00E-05,2.51E-05,2.48E-05,2.38E-05,2.46E-05,2.34E-05,2.52E-05,3.40E-05,3.58E-05,Fc gamma R-mediated phagocytosis,Immune system,Organismal Systems
ko04668,2.82E-06,4.16E-06,4.21E-06,3.74E-06,3.59E-06,2.22E-06,6.81E-07,2.78E-06,3.00E-06,1.90E-06,4.59E-06,3.04E-06,4.04E-06,3.94E-06,1.39E-06,3.75E-06,3.97E-06,2.90E-06,3.48E-06,2.12E-06,2.69E-06,2.84E-06,6.37E-06,5.24E-06,TNF signaling pathway,Signal transduction,Environmental Information Processing
ko04714,0.001886876,0.001743888,0.00191865,0.001800389,0.001663018,0.001841426,0.001777049,0.001765075,0.001858765,0.001827305,0.001972609,0.001805862,0.001794193,0.001820635,0.001917441,0.001917018,0.001879706,0.00193814,0.001948885,0.001895348,0.001879211,0.001839479,0.001847614,0.00189087,Thermogenesis,Environmental adaptation,Organismal Systems
ko04720,0,7.88E-08,1.24E-07,2.85E-07,6.67E-08,1.35E-07,1.49E-07,2.10E-07,0,1.17E-07,1.53E-07,1.73E-07,4.28E-07,3.45E-07,5.14E-07,7.82E-07,2.68E-07,2.67E-07,7.52E-08,4.49E-07,7.53E-07,2.66E-07,8.85E-07,0,Long-term potentiation,Nervous system,Organismal Systems
ko04721,1.01E-08,0,0,1.12E-08,0,0,1.36E-08,6.47E-09,0,1.16E-08,0,0,0,0,0,0,0,0,0,0,0,0,0,0,Synaptic vesicle cycle,Nervous system,Organismal Systems
ko04723,3.17E-05,2.88E-05,3.50E-05,2.74E-05,2.22E-05,3.10E-05,2.86E-05,2.29E-05,3.46E-05,3.37E-05,3.24E-05,2.87E-05,3.74E-05,4.63E-05,4.29E-05,4.02E-05,4.34E-05,3.62E-05,4.12E-05,3.82E-05,4.93E-05,5.52E-05,3.68E-05,4.22E-05,Retrograde endocannabinoid signaling,Nervous system,Organismal Systems
ko04724,0.000412027,0.000415963,0.000436815,0.000426379,0.000367376,0.000440379,0.000441115,0.000428816,0.000421521,0.000417109,0.000439994,0.000420485,0.000443385,0.000417335,0.000416126,0.000429004,0.000415405,0.000428082,0.000417888,0.000408159,0.000418627,0.00042983,0.000444888,0.000426508,Glutamatergic synapse,Nervous system,Organismal Systems
ko04725,0,0,0,0,1.53E-08,2.80E-09,1.02E-08,0,0,0,0,0,0,0,0,0,0,0,0,0,0,0,0,0,Cholinergic synapse,Nervous system,Organismal Systems
ko04726,0.000163306,0.000201851,0.000158015,0.000148645,0.000208715,0.000170305,0.000192523,0.000159789,0.000162885,0.000187073,0.000151952,0.000170821,0.000152307,0.000154999,0.000134466,0.000153353,0.000151375,0.000151619,0.000153951,0.000136431,0.000164502,0.000159708,0.000167277,0.00016803,Serotonergic synapse,Nervous system,Organismal Systems
ko04727,0.000403677,0.000403099,0.000423458,0.000415077,0.000359444,0.000419808,0.000428548,0.000420332,0.000407655,0.000396802,0.000419103,0.000405993,0.000439224,0.000403564,0.000401837,0.000411267,0.000401547,0.000413369,0.000408262,0.000398877,0.000408054,0.00041619,0.000431796,0.000405057,GABAergic synapse,Nervous system,Organismal Systems
ko04728,0.000160488,0.000197767,0.000154627,0.000145568,0.00020551,0.000168898,0.000192743,0.000157683,0.000160235,0.000185691,0.000147511,0.000167951,0.000148698,0.000151961,0.000133685,0.000150382,0.000147668,0.000148983,0.00015106,0.000135331,0.000162567,0.000157615,0.000161793,0.000162787,Dopaminergic synapse,Nervous system,Organismal Systems
ko04750,0,7.88E-08,1.24E-07,2.85E-07,6.67E-08,1.35E-07,1.49E-07,2.10E-07,0,1.17E-07,1.53E-07,1.73E-07,4.28E-07,3.45E-07,5.14E-07,7.82E-07,2.68E-07,2.67E-07,7.52E-08,4.49E-07,7.53E-07,2.66E-07,8.85E-07,0,Inflammatory mediator regulation of TRP channels,Sensory system,Organismal Systems
ko04810,0,7.88E-08,1.24E-07,2.85E-07,6.67E-08,1.35E-07,1.49E-07,2.10E-07,0,1.17E-07,1.53E-07,1.73E-07,4.28E-07,3.45E-07,5.14E-07,7.82E-07,2.68E-07,2.67E-07,7.52E-08,4.49E-07,7.53E-07,2.66E-07,8.85E-07,0,Regulation of actin cytoskeleton,Cell motility,Cellular Processes
ko04910,0.000273979,0.000309333,0.000279763,0.000290702,0.000353939,0.000300581,0.000292651,0.000294249,0.000293939,0.000302365,0.000264001,0.000296608,0.00027292,0.000262426,0.00028751,0.000274612,0.000286779,0.000290204,0.000280782,0.000309367,0.000263774,0.000279084,0.000248903,0.000244746,Insulin signaling pathway,Endocrine system,Organismal Systems
ko04911,1.40E-05,4.19E-05,1.51E-05,1.97E-05,5.50E-05,2.53E-05,2.73E-05,1.48E-05,2.45E-05,3.44E-05,1.51E-05,2.75E-05,1.28E-05,1.23E-05,1.41E-05,1.23E-05,1.15E-05,1.78E-05,1.37E-05,1.57E-05,8.76E-06,1.83E-05,1.43E-05,8.90E-06,Insulin secretion,Endocrine system,Organismal Systems
ko04912,2.31E-05,2.56E-05,2.61E-05,2.33E-05,2.15E-05,3.29E-05,2.81E-05,3.29E-05,2.55E-05,3.09E-05,3.33E-05,2.63E-05,2.88E-05,2.68E-05,2.55E-05,3.00E-05,2.51E-05,2.48E-05,2.38E-05,2.46E-05,2.34E-05,2.52E-05,3.40E-05,3.58E-05,GnRH signaling pathway,Endocrine system,Organismal Systems
ko04913,2.82E-06,4.16E-06,4.21E-06,3.74E-06,3.59E-06,2.22E-06,6.81E-07,2.78E-06,3.00E-06,1.90E-06,4.59E-06,3.04E-06,4.04E-06,3.94E-06,1.39E-06,3.75E-06,3.97E-06,2.90E-06,3.48E-06,2.12E-06,2.69E-06,2.84E-06,6.37E-06,5.24E-06,Ovarian steroidogenesis,Endocrine system,Organismal Systems
ko04914,6.95E-05,8.16E-05,7.71E-05,7.78E-05,9.82E-05,8.30E-05,8.80E-05,9.37E-05,8.27E-05,8.56E-05,6.88E-05,8.28E-05,9.18E-05,8.87E-05,9.00E-05,8.74E-05,8.76E-05,8.31E-05,8.70E-05,9.16E-05,8.41E-05,8.88E-05,8.27E-05,8.56E-05,Progesterone-mediated oocyte maturation,Endocrine system,Organismal Systems
ko04915,6.95E-05,8.16E-05,7.71E-05,7.78E-05,9.82E-05,8.30E-05,8.80E-05,9.37E-05,8.27E-05,8.56E-05,6.88E-05,8.28E-05,9.18E-05,8.87E-05,9.00E-05,8.74E-05,8.76E-05,8.31E-05,8.70E-05,9.16E-05,8.41E-05,8.88E-05,8.27E-05,8.56E-05,Estrogen signaling pathway,Endocrine system,Organismal Systems
ko04916,1.26E-05,1.45E-05,1.45E-05,1.21E-05,1.25E-05,1.14E-05,1.32E-05,2.22E-05,1.59E-05,1.68E-05,1.57E-05,1.55E-05,2.66E-05,5.45E-05,4.79E-05,3.28E-05,4.06E-05,3.06E-05,2.87E-05,2.65E-05,5.26E-05,6.37E-05,1.89E-05,1.75E-05,Melanogenesis,Endocrine system,Organismal Systems
ko04917,2.41E-05,1.75E-05,1.84E-05,3.39E-05,1.86E-05,1.77E-05,2.28E-05,2.61E-05,2.29E-05,1.85E-05,2.94E-05,2.32E-05,2.91E-05,1.89E-05,2.19E-05,1.81E-05,2.11E-05,2.18E-05,2.05E-05,2.07E-05,2.17E-05,1.94E-05,2.25E-05,2.02E-05,Prolactin signaling pathway,Endocrine system,Organismal Systems
ko04918,0.000364649,0.000402271,0.000364446,0.000382531,0.000413684,0.000378707,0.000379472,0.0003805,0.000380167,0.000383095,0.000379046,0.000388458,0.00037061,0.000387664,0.0003955,0.000368719,0.000376618,0.000383954,0.000361427,0.000371689,0.000383174,0.00040087,0.000379384,0.000382181,Thyroid hormone synthesis,Endocrine system,Organismal Systems
ko04919,9.75E-05,9.49E-05,0.000105817,8.85E-05,0.00010173,0.000108302,0.000101363,0.000101339,0.000108626,0.000102082,8.36E-05,9.74E-05,9.17E-05,0.000129563,0.000116539,0.000102731,0.000121008,0.000104138,0.000116984,0.000110087,0.000125988,0.000147505,8.01E-05,8.42E-05,Thyroid hormone signaling pathway,Endocrine system,Organismal Systems
ko04920,0.001228234,0.00110096,0.001254657,0.001137487,0.001070491,0.001197051,0.001124248,0.001119915,0.001221832,0.001180553,0.001275249,0.00115211,0.00113416,0.001137916,0.001219452,0.001200102,0.001174695,0.001211515,0.001250733,0.001217108,0.001181217,0.001134417,0.001150616,0.001193602,Adipocytokine signaling pathway,Endocrine system,Organismal Systems
ko04921,3.54E-06,4.70E-06,5.73E-06,6.03E-06,4.34E-06,3.47E-06,2.14E-06,4.13E-06,4.07E-06,3.46E-06,6.58E-06,4.66E-06,5.21E-06,4.98E-06,2.64E-06,5.56E-06,5.27E-06,4.43E-06,3.92E-06,3.57E-06,4.36E-06,3.79E-06,8.95E-06,5.58E-06,Oxytocin signaling pathway,Endocrine system,Organismal Systems
ko04922,0.00090183,0.00102497,0.000938041,0.000944455,0.00106727,0.000962928,0.000953405,0.000950889,0.000972639,0.001042829,0.000964576,0.000999596,0.000932915,0.000908461,0.00091925,0.000914109,0.000937376,0.000936952,0.000932891,0.000912867,0.000925259,0.000925953,0.000941313,0.000934672,Glucagon signaling pathway,Endocrine system,Organismal Systems
ko04923,2.82E-06,4.16E-06,4.21E-06,3.74E-06,3.59E-06,2.22E-06,6.81E-07,2.78E-06,3.00E-06,1.90E-06,4.59E-06,3.04E-06,4.04E-06,3.94E-06,1.39E-06,3.75E-06,3.97E-06,2.90E-06,3.48E-06,2.12E-06,2.69E-06,2.84E-06,6.37E-06,5.24E-06,Regulation of lipolysis in adipocytes,Endocrine system,Organismal Systems
ko04924,2.49E-05,2.37E-05,2.42E-05,2.21E-05,2.02E-05,2.30E-05,2.30E-05,2.90E-05,2.26E-05,2.81E-05,3.12E-05,2.62E-05,2.46E-05,2.59E-05,2.79E-05,2.58E-05,2.89E-05,2.85E-05,2.54E-05,2.58E-05,2.66E-05,2.73E-05,2.77E-05,3.97E-05,Renin secretion,Endocrine system,Organismal Systems
ko04925,1.40E-05,4.19E-05,1.51E-05,1.97E-05,5.50E-05,2.53E-05,2.73E-05,1.48E-05,2.45E-05,3.44E-05,1.51E-05,2.75E-05,1.28E-05,1.23E-05,1.41E-05,1.23E-05,1.15E-05,1.78E-05,1.37E-05,1.57E-05,8.76E-06,1.83E-05,1.43E-05,8.90E-06,Aldosterone synthesis and secretion,Endocrine system,Organismal Systems
ko04926,6.53E-07,9.29E-07,5.90E-07,4.66E-07,9.72E-07,3.41E-07,1.10E-06,4.16E-07,1.20E-06,1.04E-06,6.55E-07,7.88E-07,3.93E-07,2.27E-07,9.32E-07,4.02E-07,6.04E-07,6.82E-07,4.15E-07,2.83E-07,5.38E-07,6.59E-07,9.86E-07,3.96E-07,Relaxin signaling pathway,Endocrine system,Organismal Systems
ko04928,2.32E-05,2.58E-05,2.71E-05,2.38E-05,2.16E-05,3.33E-05,2.89E-05,3.34E-05,2.55E-05,3.17E-05,3.36E-05,2.65E-05,3.00E-05,2.78E-05,2.63E-05,3.13E-05,2.56E-05,2.54E-05,2.42E-05,2.64E-05,2.42E-05,2.60E-05,3.57E-05,3.66E-05,"Parathyroid hormone synthesis, secretion and action",Endocrine system,Organismal Systems
ko04930,0.000154568,0.000177701,0.000153477,0.000161732,0.000194605,0.000166076,0.000163228,0.000149307,0.000164157,0.000171834,0.000151759,0.000169196,0.000167768,0.000165619,0.000165688,0.000160739,0.000167418,0.000159058,0.000163089,0.000164269,0.000161637,0.000174222,0.00015235,0.000149623,Type II diabetes mellitus,Endocrine and metabolic diseases,Human Diseases
ko04931,0.000400028,0.000475995,0.000381082,0.000424212,0.000532639,0.000428615,0.000445671,0.000390237,0.000415832,0.000451619,0.000376301,0.000431927,0.000379663,0.000368924,0.000361097,0.000376107,0.000383384,0.000381095,0.000376126,0.000379799,0.000368707,0.000362692,0.000387767,0.000390395,Insulin resistance,Endocrine and metabolic diseases,Human Diseases
ko04932,0.000656316,0.000556459,0.000656576,0.000628743,0.000497103,0.000601703,0.000610981,0.000623911,0.000607447,0.000561723,0.000674897,0.000601937,0.000636225,0.000651367,0.000659464,0.000689754,0.000679753,0.000700962,0.000686693,0.000671279,0.000652119,0.000656343,0.000659681,0.000650575,Non-alcoholic fatty liver disease (NAFLD),Endocrine and metabolic diseases,Human Diseases
ko04933,6.53E-07,9.29E-07,5.90E-07,4.66E-07,9.72E-07,3.41E-07,1.10E-06,4.16E-07,1.20E-06,1.04E-06,6.55E-07,7.88E-07,3.93E-07,2.27E-07,9.32E-07,4.02E-07,6.04E-07,6.82E-07,4.15E-07,2.83E-07,5.38E-07,6.59E-07,9.86E-07,3.96E-07,AGE-RAGE signaling pathway in diabetic complications,Endocrine and metabolic diseases,Human Diseases
ko04934,0.00012284,0.000140667,0.000131405,0.000138019,0.000142281,0.000134271,0.000142007,0.0001634,0.000133202,0.000137997,0.000131818,0.000135928,0.000134695,0.000127396,0.000135231,0.000128187,0.000123751,0.000131459,0.000119948,0.000127168,0.000124616,0.000129822,0.000127065,0.000135918,Cushing's syndrome,Endocrine and metabolic diseases,Human Diseases
ko04940,0.000265278,0.000283276,0.000251765,0.000251631,0.000296143,0.000260914,0.000286598,0.000275731,0.000252948,0.000270244,0.000245711,0.000268099,0.000265412,0.000247711,0.000225984,0.000245196,0.000241558,0.000245431,0.000249912,0.000237423,0.000254174,0.000238346,0.000289274,0.000263685,Type I diabetes mellitus,Endocrine and metabolic diseases,Human Diseases
ko04960,1.40E-05,4.19E-05,1.51E-05,1.97E-05,5.50E-05,2.53E-05,2.73E-05,1.48E-05,2.45E-05,3.44E-05,1.51E-05,2.75E-05,1.28E-05,1.23E-05,1.41E-05,1.23E-05,1.15E-05,1.78E-05,1.37E-05,1.57E-05,8.76E-06,1.83E-05,1.43E-05,8.90E-06,Aldosterone-regulated sodium reabsorption,Excretory system,Organismal Systems
ko04961,1.40E-05,4.19E-05,1.51E-05,1.97E-05,5.50E-05,2.53E-05,2.73E-05,1.48E-05,2.45E-05,3.44E-05,1.51E-05,2.75E-05,1.28E-05,1.23E-05,1.41E-05,1.23E-05,1.15E-05,1.78E-05,1.37E-05,1.57E-05,8.76E-06,1.83E-05,1.43E-05,8.90E-06,Endocrine and other factor-regulated calcium reabsorption,Excretory system,Organismal Systems
ko04962,1.01E-08,0,0,1.12E-08,0,0,1.36E-08,6.47E-09,0,1.16E-08,0,0,0,0,0,0,0,0,0,0,0,0,0,0,Vasopressin-regulated water reabsorption,Excretory system,Organismal Systems
ko04964,0.000199267,0.000229857,0.000212443,0.000216032,0.000236464,0.000215055,0.000202013,0.000207438,0.00022033,0.000232234,0.000198527,0.000218833,0.000229804,0.00022973,0.000243753,0.000218196,0.000222009,0.000222717,0.000216912,0.000231176,0.000217787,0.000251385,0.000207853,0.000196478,Proximal tubule bicarbonate reclamation,Excretory system,Organismal Systems
ko04970,1.40E-05,4.19E-05,1.51E-05,1.97E-05,5.50E-05,2.53E-05,2.73E-05,1.48E-05,2.45E-05,3.44E-05,1.51E-05,2.75E-05,1.28E-05,1.23E-05,1.41E-05,1.23E-05,1.15E-05,1.78E-05,1.37E-05,1.57E-05,8.76E-06,1.83E-05,1.43E-05,8.90E-06,Salivary secretion,Digestive system,Organismal Systems
ko04971,1.40E-05,4.19E-05,1.51E-05,1.97E-05,5.50E-05,2.53E-05,2.73E-05,1.48E-05,2.45E-05,3.44E-05,1.51E-05,2.75E-05,1.28E-05,1.23E-05,1.41E-05,1.23E-05,1.15E-05,1.78E-05,1.37E-05,1.57E-05,8.76E-06,1.83E-05,1.43E-05,8.90E-06,Gastric acid secretion,Digestive system,Organismal Systems
ko04972,1.66E-05,4.69E-05,1.87E-05,2.18E-05,5.72E-05,2.81E-05,3.07E-05,1.99E-05,2.65E-05,3.89E-05,1.72E-05,3.01E-05,1.40E-05,1.32E-05,1.59E-05,1.36E-05,1.30E-05,1.91E-05,1.51E-05,1.68E-05,1.15E-05,1.89E-05,1.61E-05,1.15E-05,Pancreatic secretion,Digestive system,Organismal Systems
ko04973,9.69E-05,0.000123388,8.95E-05,0.000113275,0.000148675,0.000107938,0.000115345,0.000157007,0.000103066,0.000111152,9.16E-05,0.000114031,8.66E-05,7.48E-05,7.23E-05,8.13E-05,8.07E-05,8.94E-05,8.02E-05,8.55E-05,6.09E-05,7.37E-05,7.20E-05,7.81E-05,Carbohydrate digestion and absorption,Digestive system,Organismal Systems
ko04974,9.80E-05,0.000117294,9.56E-05,0.000103175,0.000119282,9.94E-05,0.000105031,0.000134153,9.36E-05,0.00010886,0.000100494,0.000102199,8.98E-05,7.75E-05,6.98E-05,7.68E-05,7.92E-05,8.20E-05,7.56E-05,7.26E-05,7.76E-05,8.21E-05,9.07E-05,9.54E-05,Protein digestion and absorption,Digestive system,Organismal Systems
ko04976,0.00012239,0.000138035,0.000118881,0.000124437,0.000131815,0.000126072,0.000123846,0.000100596,0.000132066,0.000135996,0.000118348,0.000126961,9.71E-05,8.61E-05,0.00011023,9.67E-05,8.30E-05,0.000109844,9.92E-05,9.12E-05,9.15E-05,8.94E-05,9.96E-05,0.000123519,Bile secretion,Digestive system,Organismal Systems
ko04978,7.82E-05,0.0001157,9.20E-05,9.54E-05,0.000143863,0.000102663,0.000100081,9.64E-05,9.36E-05,0.000107637,8.10E-05,0.000100002,7.06E-05,8.25E-05,9.53E-05,8.50E-05,8.51E-05,8.66E-05,8.03E-05,9.33E-05,8.49E-05,9.27E-05,6.62E-05,6.11E-05,Mineral absorption,Digestive system,Organismal Systems
ko04979,8.10E-05,7.83E-05,9.21E-05,8.55E-05,7.21E-05,8.15E-05,8.66E-05,0.000113026,7.75E-05,8.31E-05,9.74E-05,8.45E-05,8.45E-05,8.51E-05,8.22E-05,8.78E-05,9.00E-05,9.24E-05,9.25E-05,8.58E-05,9.18E-05,8.73E-05,9.41E-05,9.92E-05,Cholesterol metabolism,Digestive system,Organismal Systems
ko05010,0.000801627,0.000717364,0.000817581,0.000779419,0.000654243,0.000757891,0.000766941,0.000794958,0.000760037,0.000719321,0.000827589,0.000759871,0.000804456,0.000803944,0.000828538,0.000849706,0.000833958,0.000863673,0.000835233,0.00084415,0.000801322,0.000815569,0.000821101,0.000820453,Alzheimer's disease,Neurodegenerative diseases,Human Diseases
ko05012,0.000656475,0.000556269,0.000656452,0.000628254,0.000496956,0.00060144,0.000610709,0.000622977,0.000607367,0.000561329,0.000674614,0.000601568,0.000636049,0.000651122,0.000659148,0.00068916,0.000679654,0.000700828,0.000686618,0.000671127,0.000651366,0.000656266,0.00065869,0.000650575,Parkinson's disease,Neurodegenerative diseases,Human Diseases
ko05014,0.000551962,0.000513502,0.00055966,0.000553215,0.000506285,0.000555338,0.00055631,0.00053244,0.000545617,0.000517976,0.000562526,0.000533184,0.000535897,0.000514917,0.0005166,0.000537579,0.000539152,0.000565993,0.000546235,0.000528741,0.000529072,0.000523303,0.000526682,0.000539396,Amyotrophic lateral sclerosis (ALS),Neurodegenerative diseases,Human Diseases
ko05016,0.00092676,0.000826637,0.000905631,0.00090253,0.000777603,0.00086981,0.000875892,0.000865279,0.000873067,0.000824819,0.000937022,0.000866399,0.000904862,0.000902053,0.000894325,0.000935373,0.000941433,0.000956711,0.000944828,0.000919405,0.000906424,0.000911454,0.00090337,0.000888705,Huntington's disease,Neurodegenerative diseases,Human Diseases
ko05020,8.11E-05,8.49E-05,6.52E-05,8.84E-05,0.000100401,8.64E-05,8.61E-05,7.15E-05,7.43E-05,8.34E-05,7.68E-05,8.00E-05,7.17E-05,7.64E-05,6.84E-05,6.93E-05,7.67E-05,7.15E-05,6.96E-05,6.58E-05,7.71E-05,7.47E-05,5.83E-05,6.43E-05,Prion diseases,Neurodegenerative diseases,Human Diseases
ko05030,0.000160488,0.000197688,0.000153801,0.000144907,0.000205123,0.000168085,0.000191841,0.000157011,0.000159882,0.000185171,0.000147358,0.000167778,0.00014827,0.000151059,0.000133072,0.000149599,0.000147401,0.000148715,0.000150469,0.000134307,0.000161814,0.000156867,0.000160908,0.000162787,Cocaine addiction,Substance dependence,Human Diseases
ko05031,0.000160488,0.000197767,0.000153925,0.000145192,0.00020519,0.000168219,0.000191991,0.000157222,0.000159882,0.000185288,0.000147511,0.000167951,0.000148698,0.000151403,0.000133586,0.000150382,0.000147668,0.000148983,0.000150544,0.000134756,0.000162567,0.000157132,0.000161793,0.000162787,Amphetamine addiction,Substance dependence,Human Diseases
ko05034,0.000160488,0.000197767,0.000153925,0.000145192,0.00020519,0.000168219,0.000191991,0.00015727,0.000159882,0.000185339,0.000147511,0.000167951,0.000148698,0.000151523,0.000133646,0.000150452,0.000147668,0.000148983,0.000150544,0.000134915,0.000162722,0.000157216,0.000162111,0.000162787,Alcoholism,Substance dependence,Human Diseases
ko05100,1.28E-05,4.25E-05,1.59E-05,2.05E-05,5.68E-05,3.13E-05,3.01E-05,2.87E-05,2.80E-05,3.32E-05,1.71E-05,2.96E-05,3.26E-05,1.14E-05,1.27E-05,1.00E-05,1.11E-05,1.30E-05,9.74E-06,2.16E-05,9.68E-06,8.55E-06,1.99E-05,1.86E-05,Bacterial invasion of epithelial cells,Infectious diseases: Bacterial,Human Diseases
ko05110,4.05E-05,3.12E-05,3.01E-05,3.58E-05,2.68E-05,3.71E-05,4.29E-05,5.69E-05,4.03E-05,3.05E-05,2.80E-05,4.17E-05,6.39E-05,6.17E-05,4.40E-05,4.94E-05,4.97E-05,4.38E-05,4.00E-05,4.97E-05,4.68E-05,5.03E-05,3.16E-05,2.98E-05,Vibrio cholerae infection,Infectious diseases: Bacterial,Human Diseases
ko05111,0.006895286,0.006699079,0.006551346,0.006925156,0.007274148,0.006781666,0.006716548,0.006898347,0.006738638,0.006522159,0.006428817,0.006761319,0.00673192,0.006935081,0.007282633,0.006931218,0.007367128,0.006980074,0.007114032,0.007547095,0.00662386,0.006988097,0.006834721,0.0068589,Biofilm formation - Vibrio cholerae,Cellular community - prokaryotes,Cellular Processes
ko05120,0.000355328,0.000383451,0.000368514,0.000384761,0.000419662,0.000389208,0.00037606,0.000351126,0.000381175,0.000375365,0.000348098,0.000375401,0.000391819,0.000361551,0.000398488,0.000366827,0.000386574,0.000366448,0.000388059,0.000387812,0.000374824,0.000385313,0.000337643,0.000332717,Epithelial cell signaling in Helicobacter pylori infection,Infectious diseases: Bacterial,Human Diseases
ko05131,1.70E-06,3.17E-06,1.63E-06,1.56E-06,1.23E-06,1.62E-06,2.21E-06,1.20E-06,2.52E-06,1.24E-06,1.37E-06,1.63E-06,1.32E-05,2.41E-06,1.58E-06,2.82E-06,2.24E-06,2.49E-06,4.69E-06,5.90E-06,1.80E-06,1.20E-06,3.45E-06,1.91E-06,Shigellosis,Infectious diseases: Bacterial,Human Diseases
ko05132,0.000826704,0.000900774,0.000831642,0.000814571,0.000927338,0.000860393,0.000856237,0.000950889,0.000849701,0.000836102,0.000844764,0.000857214,0.000915295,0.000856748,0.000917981,0.000842302,0.000850458,0.000894883,0.00084721,0.00094506,0.000797112,0.000856317,0.000854114,0.000880598,Salmonella infection,Infectious diseases: Bacterial,Human Diseases
ko05133,0.00154595,0.001580742,0.001335702,0.001573704,0.001818325,0.001501082,0.001536776,0.001479932,0.001503691,0.001459694,0.001331754,0.00152389,0.001507276,0.001452496,0.001474721,0.001408603,0.001567586,0.001455298,0.001518717,0.001582713,0.001373064,0.001452538,0.001286627,0.001315047,Pertussis,Infectious diseases: Bacterial,Human Diseases
ko05134,0.001286233,0.001211484,0.001278137,0.001247835,0.00118896,0.001258378,0.001258961,0.001364923,0.001238217,0.00121986,0.001286912,0.001246492,0.001253597,0.001254899,0.001222161,0.001274824,0.001299706,0.001296902,0.001303557,0.001282008,0.001258332,0.001262224,0.001281415,0.001243583,Legionellosis,Infectious diseases: Bacterial,Human Diseases
ko05140,2.82E-06,4.16E-06,4.21E-06,3.74E-06,3.59E-06,2.22E-06,6.81E-07,2.78E-06,3.00E-06,1.90E-06,4.59E-06,3.04E-06,4.04E-06,3.94E-06,1.39E-06,3.75E-06,3.97E-06,2.90E-06,3.48E-06,2.12E-06,2.69E-06,2.84E-06,6.37E-06,5.24E-06,Leishmaniasis,Infectious diseases: Parasitic,Human Diseases
ko05142,0.000131265,0.000107279,0.000116146,0.000118853,9.28E-05,0.000110664,0.000109168,0.000116871,0.000107533,0.000111357,0.000133079,0.000116322,0.00012318,0.000105553,0.000101108,0.000116766,0.000120076,0.000117619,0.000119801,0.000113266,0.000104312,0.000106,0.000118618,0.000132664,Chagas disease (American trypanosomiasis),Infectious diseases: Parasitic,Human Diseases
ko05143,0.000141448,0.00010906,0.000123215,0.00012714,9.65E-05,0.000117874,0.000113951,0.000126111,0.000112726,0.00010515,0.000134097,0.000119594,0.000125224,0.000102857,0.000101134,0.000118087,0.000121458,0.000119754,0.000121332,0.000121664,0.000101741,0.00010226,0.000131644,0.000127543,African trypanosomiasis,Infectious diseases: Parasitic,Human Diseases
ko05145,0.000315156,0.000270789,0.000324571,0.000294492,0.00024061,0.000296051,0.000301401,0.000306019,0.000298684,0.000274136,0.000323581,0.000287376,0.000302625,0.000292695,0.00029094,0.000318853,0.000308538,0.000327349,0.000323232,0.000308883,0.000292335,0.00029179,0.000314082,0.000310504,Toxoplasmosis,Infectious diseases: Parasitic,Human Diseases
ko05146,8.68E-05,6.54E-05,8.37E-05,9.59E-05,5.82E-05,8.22E-05,7.21E-05,8.13E-05,8.50E-05,7.66E-05,9.27E-05,8.51E-05,0.000100891,0.000118097,0.000118949,0.00011396,0.000112461,9.58E-05,9.87E-05,0.000106296,0.000111619,0.000116273,9.26E-05,8.51E-05,Amoebiasis,Infectious diseases: Parasitic,Human Diseases
ko05150,0.000113572,0.000107716,0.000123616,0.000116176,0.000101943,0.000120427,0.000135755,0.000185416,0.000125764,0.000112796,0.000130581,0.000128161,0.000136005,0.000186276,0.000169487,0.000151364,0.000157186,0.000144448,0.000128232,0.000143028,0.000174392,0.000185437,0.000125712,0.00011396,Staphylococcus aureus infection,Infectious diseases: Bacterial,Human Diseases
ko05152,0.001007362,0.001038354,0.000982217,0.00098901,0.001054997,0.000989103,0.001016266,0.001005262,0.00098346,0.000991035,0.00102677,0.001017974,0.001055572,0.001056894,0.000983088,0.001051922,0.001088068,0.001068305,0.001035414,0.001089905,0.000986106,0.001058562,0.00110531,0.00109379,Tuberculosis,Infectious diseases: Bacterial,Human Diseases
ko05160,0,1.90E-07,1.24E-07,6.78E-07,2.47E-07,2.63E-07,2.71E-07,9.70E-07,8.03E-08,6.20E-07,2.83E-07,3.68E-07,4.28E-07,3.45E-07,5.14E-07,7.82E-07,2.68E-07,2.67E-07,7.52E-08,4.49E-07,7.53E-07,3.91E-07,1.55E-06,0,Hepatitis C,Infectious diseases: Viral,Human Diseases
ko05161,0.000314997,0.000270868,0.000324695,0.000294902,0.000240636,0.00029624,0.000301672,0.00030652,0.000298684,0.00027453,0.000323733,0.000287549,0.000302801,0.000292941,0.000291256,0.000319447,0.000308637,0.000327483,0.000323307,0.000309035,0.000293088,0.000291867,0.000315073,0.000310504,Hepatitis B,Infectious diseases: Viral,Human Diseases
ko05162,0,1.90E-07,1.24E-07,6.78E-07,2.47E-07,2.63E-07,2.71E-07,9.70E-07,8.03E-08,6.20E-07,2.83E-07,3.68E-07,4.28E-07,3.45E-07,5.14E-07,7.82E-07,2.68E-07,2.67E-07,7.52E-08,4.49E-07,7.53E-07,3.91E-07,1.55E-06,0,Measles,Infectious diseases: Viral,Human Diseases
ko05163,0.000317816,0.000274952,0.000328785,0.000298104,0.000244102,0.00029827,0.000302082,0.000308796,0.000301687,0.000275812,0.000328175,0.000290419,0.000306411,0.000296536,0.000292136,0.000322419,0.000312343,0.000330119,0.000326714,0.00031071,0.000295024,0.000294317,0.000319894,0.000315747,Human cytomegalovirus infection,Infectious diseases: Viral,Human Diseases
ko05164,0.000317643,0.000277852,0.000329803,0.000297241,0.000242918,0.000300275,0.000305099,0.000312261,0.000300775,0.000281586,0.000325915,0.000290308,0.000304048,0.00029382,0.000293074,0.000320703,0.000310136,0.000328731,0.000324763,0.000310217,0.000296741,0.000292483,0.000317992,0.000314653,Influenza A,Infectious diseases: Viral,Human Diseases
ko05165,0.000158828,0.000182604,0.000158362,0.000168333,0.000199609,0.000168894,0.00016479,0.000151193,0.000168059,0.000176548,0.000156585,0.000172638,0.000172546,0.000170159,0.000168213,0.000165587,0.000172219,0.000162856,0.000168636,0.000167369,0.000165735,0.000178047,0.000161548,0.000156767,Human papillomavirus infection,Infectious diseases: Viral,Human Diseases
ko05166,8.10E-05,7.84E-05,9.23E-05,8.65E-05,7.24E-05,8.19E-05,8.71E-05,0.000114125,7.75E-05,8.43E-05,9.77E-05,8.48E-05,8.54E-05,8.58E-05,8.32E-05,8.94E-05,9.05E-05,9.30E-05,9.27E-05,8.67E-05,9.33E-05,8.81E-05,9.76E-05,9.92E-05,HTLV-I infection,Infectious diseases: Viral,Human Diseases
ko05167,0.000317816,0.000274952,0.000328785,0.000298104,0.000244102,0.00029827,0.000302082,0.000308796,0.000301687,0.000275812,0.000328175,0.000290419,0.000306411,0.000296536,0.000292136,0.000322419,0.000312343,0.000330119,0.000326714,0.00031071,0.000295024,0.000294317,0.000319894,0.000315747,Kaposi's sarcoma-associated herpesvirus infection,Infectious diseases: Viral,Human Diseases
ko05168,0.000314997,0.000271137,0.000324943,0.000295864,0.00024095,0.000296638,0.000302092,0.000307798,0.000298765,0.000275267,0.000324169,0.000288091,0.000303658,0.000293631,0.000292284,0.000321011,0.000309172,0.000328018,0.000323458,0.000309933,0.000294595,0.000292524,0.000317877,0.000310504,Herpes simplex infection,Infectious diseases: Viral,Human Diseases
ko05169,0,2.36E-07,3.72E-07,1.71E-06,5.52E-07,6.24E-07,8.81E-07,1.67E-06,0,2.36E-06,4.58E-07,5.20E-07,1.28E-06,1.11E-06,1.54E-06,2.35E-06,8.03E-07,8.02E-07,2.26E-07,1.35E-06,2.26E-06,1.17E-06,5.02E-06,0,Epstein-Barr virus infection,Infectious diseases: Viral,Human Diseases
ko05200,0.002003075,0.001867938,0.001923007,0.001880991,0.001787021,0.001908414,0.0019491,0.001892404,0.001921706,0.001865266,0.001926202,0.001877661,0.00191587,0.002009673,0.001967836,0.001973096,0.001946502,0.001970425,0.001980383,0.001889934,0.002029893,0.001973408,0.001966715,0.002036922,Pathways in cancer,Cancers: Overview,Human Diseases
ko05203,0.000154568,0.000177937,0.000153849,0.000163365,0.000194999,0.000166427,0.000162931,0.000147289,0.000164061,0.000174247,0.000151903,0.000169196,0.000169052,0.000166773,0.000167288,0.000163156,0.000168221,0.000159861,0.000163314,0.000165776,0.000164053,0.000175481,0.000157684,0.000149623,Viral carcinogenesis,Cancers: Overview,Human Diseases
ko05204,0.001830886,0.001764612,0.001723039,0.001726392,0.001717662,0.001755776,0.001778031,0.00160227,0.001758438,0.00174544,0.001749248,0.00173112,0.001652762,0.001746238,0.001737675,0.001706796,0.001707165,0.001716871,0.00174676,0.001620137,0.001822582,0.001715669,0.001731252,0.001836858,Chemical carcinogenesis,Cancers: Overview,Human Diseases
ko05205,0.000124634,0.000158606,0.000121274,0.000137893,0.000178027,0.000139063,0.00013972,0.000131206,0.000137137,0.000150809,0.000128243,0.000145955,0.000133065,0.000129004,0.00013126,0.000129341,0.000128956,0.000130886,0.000123467,0.000127765,0.000124057,0.000129438,0.000132334,0.000124935,Proteoglycans in cancer,Cancers: Overview,Human Diseases
ko05206,0.000156718,0.00015949,0.000171601,0.000164591,0.000137223,0.000167151,0.000163745,0.00018956,0.000159977,0.000173963,0.000176011,0.000160983,0.00021896,0.000206199,0.000193044,0.000190266,0.000183067,0.000181731,0.000181895,0.000174759,0.000209524,0.000213468,0.000177422,0.00018601,MicroRNAs in cancer,Cancers: Overview,Human Diseases
ko05210,0.000314997,0.000270789,0.000324571,0.000294366,0.00024051,0.000296051,0.000301401,0.000306019,0.000298684,0.00027391,0.000323581,0.000287376,0.000302373,0.000292596,0.000290743,0.000318665,0.000308369,0.000327215,0.000323232,0.000308586,0.000292335,0.000291475,0.000313525,0.000310504,Colorectal cancer,Cancers: Specific types,Human Diseases
ko05211,0.00012284,0.000140667,0.000131405,0.000138019,0.000142281,0.000134271,0.000142007,0.0001634,0.000133202,0.000137997,0.000131818,0.000135928,0.000134695,0.000127396,0.000135231,0.000128187,0.000123751,0.000131459,0.000119948,0.000127168,0.000124616,0.000129822,0.000127065,0.000135918,Renal cell carcinoma,Cancers: Specific types,Human Diseases
ko05215,6.95E-05,8.16E-05,7.71E-05,7.78E-05,9.82E-05,8.30E-05,8.80E-05,9.37E-05,8.27E-05,8.56E-05,6.88E-05,8.28E-05,9.18E-05,8.87E-05,9.00E-05,8.74E-05,8.76E-05,8.31E-05,8.70E-05,9.16E-05,8.41E-05,8.88E-05,8.27E-05,8.56E-05,Prostate cancer,Cancers: Specific types,Human Diseases
ko05219,9.70E-05,7.67E-05,7.56E-05,8.33E-05,7.08E-05,7.35E-05,7.97E-05,8.33E-05,6.88E-05,7.53E-05,8.37E-05,7.25E-05,7.97E-05,7.40E-05,5.45E-05,7.89E-05,7.69E-05,7.11E-05,8.36E-05,7.64E-05,7.45E-05,6.16E-05,7.14E-05,6.95E-05,Bladder cancer,Cancers: Specific types,Human Diseases
ko05220,0,1.06E-06,0,0,1.00E-06,0,0,1.16E-06,0,5.19E-07,1.19E-06,5.20E-07,1.84E-06,1.75E-06,0,1.45E-06,2.03E-06,1.41E-06,6.45E-07,2.66E-06,0,1.43E-06,2.39E-06,3.18E-06,Chronic myeloid leukemia,Cancers: Specific types,Human Diseases
ko05222,0.000317816,0.000274952,0.000328785,0.000298104,0.000244102,0.00029827,0.000302082,0.000308796,0.000301687,0.000275812,0.000328175,0.000290419,0.000306411,0.000296536,0.000292136,0.000322419,0.000312343,0.000330119,0.000326714,0.00031071,0.000295024,0.000294317,0.000319894,0.000315747,Small cell lung cancer,Cancers: Specific types,Human Diseases
ko05224,1.09E-06,1.05E-07,1.93E-07,2.12E-06,7.47E-07,4.77E-07,1.10E-06,1.88E-06,2.97E-07,1.63E-06,0,3.18E-07,7.65E-08,0,0,0,1.97E-07,2.17E-07,1.74E-06,1.98E-07,1.77E-07,1.12E-07,0,1.66E-06,Breast cancer,Cancers: Specific types,Human Diseases
ko05225,0.001491829,0.001369542,0.001385496,0.001364984,0.001300661,0.001392346,0.00141596,0.001323464,0.001403856,0.001363674,0.001396217,0.001367708,0.001381007,0.001495308,0.001450432,0.001433603,0.001420628,0.00142414,0.001444336,0.001357614,0.001525932,0.001458949,0.001434624,0.00149486,Hepatocellular carcinoma,Cancers: Specific types,Human Diseases
ko05230,0.000907319,0.001011205,0.000975679,0.000946516,0.001016717,0.000971561,0.000953373,0.001009697,0.000983056,0.001040286,0.001006538,0.001009186,0.001013126,0.000956699,0.00097023,0.000947222,0.000961983,0.000960611,0.00096522,0.000931316,0.000982055,0.000981028,0.000997767,0.00099262,Central carbon metabolism in cancer,Cancers: Overview,Human Diseases
ko05231,0.00010059,0.000108878,0.000104799,0.0001059,0.000118201,0.000121002,0.000109219,0.000111495,0.000107825,0.000113154,0.000104155,0.000109048,0.000119858,0.00011601,0.000117214,0.000117064,0.000111974,0.000108147,0.00010834,0.000117175,0.000107774,0.000113763,0.000109122,0.000112734,Choline metabolism in cancer,Cancers: Overview,Human Diseases
ko05322,1.73E-05,3.45E-05,7.08E-06,2.20E-05,4.93E-05,2.20E-05,2.53E-05,1.19E-05,1.91E-05,2.59E-05,1.05E-05,2.35E-05,4.68E-06,5.49E-06,4.29E-06,3.82E-06,5.57E-06,7.32E-06,4.95E-06,4.40E-06,4.40E-06,3.84E-06,3.20E-06,4.30E-06,Systemic lupus erythematosus,Immune diseases,Human Diseases
ko05323,1.99E-06,2.91E-06,1.00E-06,1.74E-06,2.66E-06,3.82E-06,2.78E-06,3.10E-06,2.10E-06,1.02E-06,2.28E-06,2.02E-06,6.19E-07,7.96E-07,2.46E-06,9.82E-07,3.39E-06,2.41E-06,9.81E-07,1.22E-06,1.32E-06,1.29E-06,1.62E-06,3.33E-06,Rheumatoid arthritis,Immune diseases,Human Diseases
ko05340,0.000162254,0.000151496,0.000176535,0.000177895,0.000156375,0.00017205,0.000158826,0.000183429,0.000168504,0.000173223,0.00017007,0.000169788,0.00017847,0.000179818,0.000169436,0.000176848,0.000186182,0.000170431,0.000176389,0.000189697,0.000173083,0.000179785,0.000151222,0.000173514,Primary immunodeficiency,Immune diseases,Human Diseases
ko05410,3.33E-05,2.84E-05,3.45E-05,2.76E-05,2.51E-05,3.08E-05,2.78E-05,3.26E-05,3.13E-05,3.28E-05,3.94E-05,3.25E-05,3.16E-05,3.23E-05,3.21E-05,3.30E-05,3.99E-05,3.76E-05,3.71E-05,3.90E-05,3.41E-05,3.57E-05,3.84E-05,4.82E-05,Hypertrophic cardiomyopathy (HCM),Cardiovascular diseases,Human Diseases
ko05414,8.32E-06,4.75E-06,1.03E-05,5.49E-06,4.82E-06,7.80E-06,4.81E-06,3.62E-06,8.72E-06,4.62E-06,8.22E-06,6.27E-06,6.96E-06,6.35E-06,4.20E-06,7.22E-06,1.10E-05,9.03E-06,1.17E-05,1.32E-05,7.54E-06,8.39E-06,1.07E-05,8.54E-06,Dilated cardiomyopathy (DCM),Cardiovascular diseases,Human Diseases
ko05416,0.000314997,0.000270789,0.000324571,0.000294366,0.00024051,0.000296051,0.000301401,0.000306019,0.000298684,0.00027391,0.000323581,0.000287376,0.000302373,0.000292596,0.000290743,0.000318665,0.000308369,0.000327215,0.000323232,0.000308586,0.000292335,0.000291475,0.000313525,0.000310504,Viral myocarditis,Cardiovascular diseases,Human Diseases
ko05418,0.002095387,0.002064009,0.002025473,0.002043031,0.002046251,0.002059006,0.002058119,0.002097696,0.002062907,0.002029559,0.002017163,0.002042245,0.002055387,0.002141872,0.00209926,0.002083289,0.002089873,0.002074548,0.00207936,0.002021208,0.002147351,0.002120177,0.002072066,0.002140677,Fluid shear stress and atherosclerosis,Cardiovascular diseases,Human Diseases
